hospitals,mobilehomes,psubstations
0,0,4
2,100,15
0,25,2
0,125,13
0,175,19
0,125,8
3,225,12
3,425,17
3,550,27
5,750,21
1,25,8
1,175,13
0,25,5
2,25,6
0,100,12
12,450,38
1,75,4
9,750,45
4,600,18
0,100,9
2,150,10
0,50,14
4,250,19
3,300,32
0,650,17
0,75,4
0,525,25
5,175,18
10,450,37
1,325,20
2,225,10
2,175,25
0,50,22
1,0,4
2,0,17
3,250,26
6,100,26
0,100,7
3,525,18
1,225,21
2,400,13
0,225,15
5,625,33
1,275,13
0,0,5
0,225,8
2,300,14
3,225,21
5,850,21
4,475,25
1,375,13
2,225,7
0,0,0
0,50,7
0,0,5
0,50,11
1,25,8
0,225,17
0,75,25
1,25,1
0,0,8
12,475,23
0,75,7
2,175,15
2,975,27
1,75,5
1,0,4
0,25,14
1,275,21
2,25,4
0,0,9
0,75,17
4,450,28
2,175,7
1,75,4
1,0,9
1,150,19
7,225,20
2,175,16
3,150,16
3,500,14
1,150,15
4,450,9
0,450,23
0,200,9
2,550,11
3,1275,21
3,1200,49
1,375,9
1,300,26
0,125,19
1,275,14
7,600,22
1,100,10
0,250,5
3,100,22
8,525,32
0,25,10
6,275,19
2,350,12
0,0,3
0,175,14
4,800,30
1,50,9
5,475,32
6,175,14
0,50,5
1,25,5
2,75,11
2,125,30
1,0,8
2,225,37
2,0,10
1,0,4
3,450,19
1,325,10
2,675,19
5,1425,21
0,125,18
1,325,32
5,600,30
2,25,7
2,50,25
0,0,11
4,200,21
0,125,8
1,550,10
5,100,20
2,225,5
1,75,12
2,400,9
1,200,9
2,375,14
2,325,24
0,50,4
4,800,27
1,325,11
0,0,2
0,100,2
2,75,18
6,425,11
9,500,34
2,100,3
0,25,12
1,350,6
0,0,6
2,250,11
0,200,10
0,25,3
3,350,22
4,250,30
2,125,28
0,125,8
0,0,6
0,0,9
3,775,18
1,200,10
11,250,21
3,225,18
0,25,6
1,300,15
0,200,0
2,150,16
4,300,13
5,425,45
8,250,21
1,25,7
2,125,15
2,125,11
0,375,43
6,600,28
0,0,6
6,575,21
4,175,24
2,250,25
0,275,16
0,25,10
3,700,55
1,200,13
0,350,12
1,375,9
3,350,22
1,25,5
2,75,5
1,200,31
1,25,12
0,75,30
6,675,23
0,125,8
1,200,10
1,575,13
1,1725,20
9,725,43
1,75,13
6,600,35
2,275,19
4,175,10
1,425,15
2,275,16
3,300,39
0,25,15
4,350,26
6,0,15
1,475,20
6,875,18
1,0,1
5,325,17
9,150,26
1,25,10
0,125,6
1,100,17
1,275,13
0,75,6
5,275,15
1,25,7
7,950,24
0,1150,14
2,525,6
3,175,19
2,25,6
1,0,18
0,275,8
3,0,7
4,275,19
1,100,13
4,900,21
2,150,18
1,75,31
3,175,24
1,0,10
4,400,30
0,25,9
4,750,12
0,175,4
5,300,22
0,75,6
0,75,5
3,725,14
6,1375,38
0,175,8
2,100,16
3,200,4
0,475,12
4,800,26
2,75,11
0,475,9
9,400,24
1,25,13
1,0,10
0,0,11
1,350,28
3,150,6
2,425,13
0,0,0
4,325,39
0,750,7
2,125,9
1,250,9
3,525,30
1,925,12
2,150,21
0,25,13
0,150,9
4,200,25
1,100,11
0,75,6
4,850,14
2,475,7
4,25,24
1,100,24
0,25,5
1,25,9
2,875,25
0,0,6
0,25,6
0,25,2
0,0,6
1,200,12
3,0,18
0,575,38
1,175,13
0,25,11
1,50,9
7,75,24
4,125,19
3,200,7
0,125,14
2,225,11
3,375,13
0,200,8
2,550,18
4,175,13
3,450,23
1,325,13
12,750,22
1,25,13
1,0,6
1,225,10
1,175,14
0,200,19
3,675,26
1,50,5
1,175,17
2,200,19
5,325,41
1,25,7
2,50,9
8,75,9
1,600,11
2,1100,22
9,225,22
1,150,11
4,500,10
0,50,11
2,325,16
2,125,4
1,75,10
9,900,40
3,925,42
0,0,8
1,125,13
3,150,20
1,550,10
0,175,17
6,1100,21
1,25,6
1,0,5
0,50,5
2,350,8
1,300,20
4,1175,34
5,150,20
0,0,6
1,250,44
0,0,5
2,350,18
0,0,7
0,0,2
0,25,4
0,25,5
1,50,4
3,25,23
2,550,18
2,375,20
0,0,3
0,325,9
2,125,14
3,125,20
1,125,13
1,300,38
0,0,18
1,300,13
2,75,7
3,350,20
1,0,7
2,250,22
1,175,13
3,75,19
0,100,4
5,300,9
1,300,18
1,200,21
0,0,6
1,25,1
0,500,15
0,25,9
1,25,6
3,50,3
8,375,25
5,500,39
1,325,11
4,225,19
2,775,18
1,75,8
2,500,19
1,125,9
1,300,18
1,25,28
4,450,34
2,75,32
1,50,16
1,250,20
9,275,14
3,250,10
0,125,4
1,25,14
8,1500,51
1,575,30
2,150,13
2,475,15
0,25,16
0,100,6
6,200,26
0,0,2
2,125,11
1,550,15
1,50,12
1,275,13
2,75,19
0,0,6
5,550,19
0,0,15
0,275,21
0,0,7
1,400,20
1,50,13
0,25,3
1,0,6
2,375,17
7,875,12
0,0,6
2,200,12
5,475,23
1,225,20
5,500,17
0,100,5
0,275,12
0,0,16
0,50,4
0,175,14
2,250,23
1,25,11
3,700,38
3,625,15
1,0,7
1,75,8
3,250,29
1,125,2
0,200,10
1,475,11
5,650,10
0,175,2
1,350,14
3,1850,33
1,0,8
0,225,4
5,300,23
1,125,20
3,0,4
4,350,15
0,150,11
0,700,7
7,975,49
1,275,27
2,75,13
0,25,0
2,250,26
3,275,34
2,600,20
0,0,3
0,0,14
2,250,23
0,50,6
3,100,12
1,1275,11
0,25,9
3,425,18
5,500,16
0,0,19
0,275,15
5,375,39
2,750,22
0,50,7
2,200,15
0,25,3
0,0,4
3,150,14
3,475,34
1,25,7
1,25,3
0,100,4
6,325,41
0,150,1
0,175,9
0,175,17
1,300,17
2,575,11
5,250,24
7,750,33
1,0,7
4,200,13
2,50,14
0,75,6
2,225,28
3,700,40
2,125,17
0,0,3
0,500,24
2,350,22
0,175,26
8,950,41
0,300,11
2,150,15
1,350,22
3,175,20
2,175,19
1,150,8
0,125,5
2,300,7
0,450,8
2,450,11
2,50,10
1,125,6
0,375,18
0,0,12
0,75,15
0,100,12
3,25,17
1,75,26
1,250,15
3,350,15
1,75,3
2,125,20
2,225,31
4,425,18
1,150,11
3,600,30
1,0,9
2,50,10
0,25,6
1,25,2
2,75,14
10,725,26
3,425,27
4,525,28
2,250,15
1,25,5
1,175,27
2,1125,20
0,0,5
0,0,2
1,0,3
3,50,11
2,225,14
3,225,34
2,50,9
1,25,11
0,0,7
1,25,11
2,25,16
0,75,19
3,450,12
3,75,12
4,725,41
1,50,11
0,275,12
2,0,9
1,325,10
1,150,9
3,900,27
1,225,15
3,125,12
0,0,8
2,100,7
1,175,9
1,50,19
0,75,9
1,150,6
3,100,6
9,675,23
2,225,23
3,350,5
0,75,19
2,0,7
2,175,6
3,225,30
2,75,15
4,250,13
0,325,16
2,975,20
0,0,5
1,75,4
2,100,16
3,25,10
1,250,5
8,425,47
0,150,10
1,175,9
5,400,21
4,0,17
2,200,17
3,425,10
1,325,14
0,25,4
6,1350,27
0,0,9
0,0,10
0,250,5
1,125,13
3,0,21
1,25,12
1,0,1
0,150,15
0,0,3
1,550,19
1,125,2
1,500,21
0,150,7
0,25,7
6,625,24
0,125,14
4,250,15
0,175,19
0,100,13
0,0,3
7,625,22
1,50,9
1,25,14
0,75,13
1,625,19
2,175,9
0,25,8
0,250,5
5,75,20
1,875,19
3,50,14
12,275,34
0,25,2
1,225,19
5,1100,40
1,0,11
4,150,28
0,325,13
1,175,14
3,225,30
2,100,10
6,250,40
0,175,10
1,25,5
3,650,21
5,350,28
3,375,18
3,375,4
2,475,7
4,150,22
0,250,12
1,25,10
3,425,22
3,850,33
6,250,22
3,800,27
0,25,3
0,150,20
0,25,7
2,0,9
1,225,17
0,0,12
1,75,10
2,875,22
0,150,14
7,300,43
1,75,5
1,200,7
1,200,8
0,25,11
3,625,12
0,450,12
8,525,38
2,125,5
1,550,9
2,300,21
1,350,6
2,650,50
0,250,6
2,525,39
0,1050,21
5,250,10
6,175,20
1,125,17
1,150,17
2,50,9
2,375,14
3,175,16
1,75,5
0,100,13
0,125,8
0,50,15
2,250,16
0,175,12
2,225,16
5,1700,37
0,0,5
3,0,17
1,450,16
2,250,19
1,125,28
1,550,14
1,725,20
3,1650,30
3,0,16
1,675,14
5,225,8
1,650,18
2,375,25
0,0,7
1,0,13
2,200,2
2,375,10
3,75,14
0,0,2
3,1450,32
2,225,12
1,175,5
2,75,20
3,575,33
3,450,27
5,550,23
0,0,6
1,125,21
2,50,15
1,375,27
1,100,12
1,50,11
4,375,24
2,150,9
1,350,20
3,425,36
0,0,2
7,125,19
1,600,22
1,300,13
0,0,8
1,100,21
4,1275,45
0,25,15
0,75,6
3,375,7
0,250,13
2,0,6
3,250,8
1,0,4
6,675,13
3,500,20
3,25,8
4,375,24
1,225,17
1,325,17
0,225,11
7,700,29
2,150,27
4,600,29
4,375,16
1,50,13
2,475,25
0,75,10
1,275,14
1,225,5
0,25,6
1,75,6
6,525,35
1,25,15
2,125,21
2,125,9
5,125,19
4,625,27
1,150,32
2,25,5
0,0,11
1,75,16
8,475,19
1,475,6
8,1300,40
2,175,13
5,525,18
3,300,15
1,25,9
2,75,9
13,2375,111
2,300,24
3,125,10
2,125,15
4,875,22
1,0,5
2,700,28
1,0,7
0,150,22
3,175,22
0,150,17
2,0,4
4,250,32
1,125,14
7,200,29
2,25,10
4,0,7
1,850,19
1,100,14
3,275,41
3,225,7
3,150,23
1,175,19
1,50,17
1,50,5
18,1050,46
3,75,17
1,75,25
2,300,16
2,275,7
0,0,2
2,175,11
3,600,40
0,275,18
0,200,13
0,325,32
0,250,13
0,0,14
0,100,23
3,550,14
2,450,6
0,325,11
3,250,15
0,400,17
2,275,10
4,675,22
1,50,3
7,825,28
1,100,11
1,150,9
1,150,20
2,225,20
0,150,8
7,200,39
7,375,38
1,475,12
3,650,25
0,25,8
11,75,19
1,1250,50
1,0,1
1,175,19
0,300,19
2,200,12
0,100,10
2,625,39
1,175,15
2,75,17
3,700,30
1,300,26
0,25,4
1,550,32
5,825,13
3,925,20
4,800,29
2,25,8
0,125,16
8,650,13
1,50,15
0,0,8
0,50,8
0,0,1
3,0,5
11,900,30
5,200,22
3,600,24
6,275,21
2,475,15
6,400,18
6,900,46
1,25,1
1,200,27
0,0,20
5,225,31
1,200,25
4,1250,50
5,800,28
3,525,22
2,50,8
1,50,2
0,125,8
0,25,11
2,50,25
0,0,5
1,25,2
0,125,11
0,0,5
0,325,6
0,425,16
2,150,8
2,200,14
0,50,9
7,500,37
9,50,14
0,375,12
2,825,35
2,25,12
1,50,5
1,200,19
0,75,9
2,0,6
2,125,19
0,0,13
0,25,7
0,75,5
2,50,9
0,275,12
1,100,9
1,0,8
2,125,17
3,325,24
2,325,28
1,400,22
2,175,16
1,225,6
6,475,17
1,100,10
1,375,33
2,125,9
10,825,40
0,200,6
1,375,12
0,50,9
0,0,5
0,750,8
1,175,22
2,150,16
3,125,18
0,0,11
1,75,16
2,250,35
1,0,10
0,450,13
1,275,12
11,550,21
3,75,16
0,0,6
2,275,6
3,125,8
8,1250,35
2,550,28
3,300,24
1,25,3
0,0,4
1,625,9
0,0,15
0,0,7
0,200,11
1,0,6
2,225,13
7,125,27
0,0,1
0,0,4
0,425,19
1,225,10
1,150,14
1,350,41
6,450,22
0,250,11
0,225,19
7,100,13
2,775,38
1,125,14
5,600,28
1,25,7
0,125,22
1,175,22
0,75,3
2,100,25
1,250,2
1,275,22
0,450,15
4,725,12
2,575,11
1,25,11
1,75,9
1,275,13
2,75,15
3,75,21
2,25,10
4,975,14
0,0,6
2,125,21
1,375,20
3,400,10
0,100,8
3,275,24
3,150,20
1,25,11
2,200,3
0,350,7
1,250,11
1,200,16
2,75,15
13,50,10
2,325,36
0,375,19
0,150,7
1,250,3
0,0,1
1,150,15
0,400,14
4,50,14
0,250,8
9,250,14
2,25,16
0,50,13
0,275,11
0,325,13
0,25,5
0,150,15
0,75,6
0,200,15
3,725,18
1,50,12
0,250,13
4,150,8
1,100,31
1,325,12
0,700,31
1,275,19
1,200,10
6,1200,47
1,25,8
0,500,13
4,125,10
3,875,28
3,225,17
0,325,15
0,50,6
8,125,29
1,625,19
5,825,12
2,250,6
0,0,7
1,50,7
8,150,19
0,25,4
0,125,16
3,275,19
2,675,17
3,350,9
1,325,14
5,25,9
0,200,9
2,675,5
4,1000,22
10,1625,33
8,375,24
2,200,17
0,0,5
0,50,2
3,150,11
0,25,8
3,125,22
0,0,7
0,0,12
2,75,13
0,325,17
1,225,19
1,100,18
1,275,13
4,450,19
0,75,7
1,0,12
2,100,17
0,0,2
5,175,13
0,0,3
0,250,10
1,25,7
1,150,21
0,50,8
0,250,25
2,200,9
0,0,8
2,50,14
2,100,22
3,750,21
6,225,28
13,25,19
6,375,18
1,325,18
3,75,28
3,275,11
1,50,6
13,250,9
0,25,4
1,150,1
1,125,13
1,325,18
3,325,17
2,575,27
2,250,11
2,425,24
2,575,33
2,150,12
3,25,6
1,125,5
2,125,11
0,75,6
0,25,10
2,75,18
1,50,11
6,1050,25
4,175,18
0,0,14
2,650,44
3,475,35
0,150,28
1,0,2
0,125,20
0,175,4
1,25,14
2,875,18
4,450,38
1,150,18
2,150,4
0,275,10
0,25,3
0,0,10
2,175,18
3,350,18
0,175,15
1,1225,27
1,0,12
0,75,8
3,450,23
1,50,6
7,850,33
8,1075,35
0,100,7
0,25,7
0,75,18
1,200,21
3,250,15
9,1325,28
1,25,9
0,150,9
4,550,34
0,50,6
1,25,2
3,750,14
1,675,33
6,675,16
0,275,14
2,25,11
1,50,6
3,400,18
0,850,18
2,200,10
1,225,9
0,325,17
0,0,7
0,125,7
6,225,15
2,300,10
1,250,26
4,275,22
1,475,12
0,225,10
4,550,24
2,250,12
11,375,32
5,1025,23
2,325,15
0,25,2
1,225,3
2,200,10
0,550,19
0,0,10
2,75,13
2,775,25
0,75,9
0,375,15
1,375,35
0,0,6
7,625,38
1,425,14
2,400,17
2,125,22
1,750,36
1,50,5
0,175,1
3,50,18
8,0,18
6,50,17
22,950,49
0,150,7
1,150,11
3,200,12
0,125,6
3,75,14
5,425,30
1,25,11
5,775,21
3,550,28
2,75,14
4,200,26
3,175,25
7,900,26
0,275,4
3,250,36
1,300,2
0,350,6
1,25,9
1,50,5
0,425,9
0,0,9
2,0,20
3,150,13
9,575,45
0,50,13
0,100,11
5,275,25
0,0,9
0,0,7
1,25,16
2,200,16
0,175,8
2,125,21
1,25,12
3,575,10
1,975,31
2,225,20
2,0,12
0,300,8
0,0,6
3,250,31
3,375,50
0,175,9
5,975,12
2,700,8
6,625,18
0,0,9
3,825,41
0,100,13
1,50,12
0,1250,8
0,25,9
2,50,4
0,600,13
5,100,28
1,250,11
0,0,9
0,25,14
0,75,7
1,0,13
1,100,25
0,75,17
1,75,7
1,75,4
3,250,5
0,50,6
0,25,3
1,125,8
4,150,16
2,75,16
0,175,16
0,275,2
1,275,17
1,150,8
2,650,12
0,400,13
5,100,13
0,100,6
0,175,15
2,1200,24
3,175,12
1,25,20
1,25,5
1,50,18
2,450,23
2,75,13
1,450,17
6,25,29
3,600,25
3,225,14
0,0,3
0,150,8
1,275,23
2,100,17
1,125,17
0,225,6
0,25,5
0,125,5
0,0,5
3,875,33
0,0,3
2,300,14
3,375,17
0,200,8
3,650,15
1,0,3
0,0,10
1,0,9
0,100,15
4,25,15
1,275,17
5,50,10
1,400,28
2,300,10
1,200,11
2,300,22
2,375,8
0,0,6
2,50,15
4,450,8
3,125,19
4,125,23
2,175,21
1,0,3
0,0,3
0,400,9
1,50,18
0,200,9
3,750,20
1,425,15
4,400,15
0,125,17
1,250,21
2,275,8
0,350,10
5,350,19
2,400,25
2,125,19
0,0,7
0,25,5
5,175,19
0,0,0
1,175,15
2,125,11
0,0,8
6,600,27
0,425,12
6,1000,23
1,450,13
1,375,16
4,400,11
1,325,13
3,25,7
2,25,10
8,375,14
1,225,12
2,175,19
1,50,14
6,450,33
2,625,20
3,125,12
1,275,16
3,25,17
0,0,3
2,250,5
0,600,4
2,0,13
2,375,10
1,25,5
9,75,5
2,175,18
0,150,8
2,200,22
0,125,6
2,75,7
1,25,8
1,0,4
4,250,17
1,50,23
4,50,19
0,25,13
5,975,22
0,400,15
0,25,0
2,200,16
1,175,27
1,825,26
2,225,15
1,50,16
1,0,7
0,25,6
2,100,27
7,175,22
0,125,10
3,575,6
0,0,8
1,300,5
3,375,27
0,75,15
2,300,21
2,300,11
0,0,1
5,700,44
3,1550,28
0,25,4
0,450,10
1,300,11
3,400,21
6,750,22
1,0,13
1,475,14
1,250,20
0,225,8
0,0,4
1,125,13
1,75,11
3,275,18
0,25,11
4,400,12
1,0,3
1,400,14
0,25,8
1,75,11
3,250,4
0,0,12
0,25,4
3,0,22
3,450,16
2,0,15
0,0,2
1,175,4
2,575,7
4,50,11
6,50,18
3,725,44
4,325,20
6,700,32
3,175,17
0,25,5
0,0,7
5,850,35
0,50,17
0,75,7
1,425,12
0,75,10
1,0,10
1,250,4
0,25,6
0,425,9
0,0,5
4,175,30
4,25,10
0,650,7
2,0,12
5,1025,25
1,75,13
1,0,18
4,1000,11
1,0,9
1,150,9
0,325,16
0,0,12
6,275,15
1,1375,23
2,350,16
0,175,7
0,0,0
0,25,6
1,175,9
0,225,7
1,400,13
5,475,24
1,125,17
0,525,10
2,275,28
1,200,10
1,475,18
1,700,20
2,100,17
7,600,34
7,250,33
4,250,11
3,200,34
3,375,22
9,25,13
1,75,9
1,0,2
1,350,9
2,300,10
1,0,4
1,100,10
2,225,12
1,475,25
0,75,12
9,200,33
1,150,7
1,775,23
8,550,35
0,50,7
2,0,9
6,975,40
1,150,8
1,0,16
5,25,8
1,550,37
1,225,10
1,0,13
1,50,12
1,150,7
0,25,6
0,475,14
4,375,37
0,25,11
0,50,1
1,250,12
4,75,10
3,825,30
2,100,18
2,0,9
1,675,19
0,25,5
0,0,1
2,100,15
2,50,17
1,100,11
1,100,13
9,775,26
1,125,5
1,325,10
1,0,8
2,200,18
1,325,35
11,225,42
4,350,40
1,0,17
0,75,10
0,175,12
3,275,7
1,175,13
3,300,20
1,200,12
0,175,11
4,625,6
4,500,16
1,0,5
0,50,5
3,200,28
1,75,2
0,75,2
0,0,6
2,175,23
0,50,5
1,225,11
1,200,8
1,25,0
1,1450,35
0,175,8
0,200,3
0,25,4
1,550,12
0,50,11
6,575,19
6,325,11
2,1050,28
9,675,68
3,0,18
7,1150,56
1,25,3
2,25,20
0,25,2
4,125,6
0,150,16
1,50,1
1,75,12
0,25,4
0,25,7
1,75,18
5,150,35
1,250,19
3,200,26
2,475,13
3,475,19
1,1400,12
0,400,10
1,75,16
4,1225,20
0,75,10
1,150,14
1,200,7
2,225,21
0,225,17
1,25,1
4,175,14
4,325,20
2,225,21
0,25,28
2,325,17
0,50,8
1,25,14
3,225,24
1,475,39
1,0,14
0,275,9
5,625,37
3,275,25
6,600,26
0,50,14
6,375,40
0,125,5
1,200,15
0,125,20
5,75,6
2,400,10
2,50,20
1,525,24
6,200,12
0,125,14
4,450,26
1,50,2
6,300,6
4,75,20
2,350,4
0,475,17
6,625,16
1,25,14
2,525,22
2,275,16
1,25,11
0,0,8
2,100,13
7,550,20
0,50,5
2,50,20
1,300,26
0,100,5
4,125,11
1,0,6
0,125,11
1,125,24
1,0,11
1,50,14
0,75,4
1,500,14
2,325,20
1,75,6
2,200,10
2,350,19
6,875,15
1,500,17
1,100,6
2,50,7
5,800,22
9,525,35
4,300,28
0,25,13
0,175,20
1,150,8
3,625,21
2,175,4
2,325,3
4,375,5
9,350,21
1,0,3
3,100,14
0,50,5
2,250,17
0,450,13
0,0,4
1,275,14
0,100,23
10,625,53
0,50,10
3,575,27
6,275,25
2,175,23
0,150,18
0,250,19
3,600,39
1,150,7
3,25,12
0,0,12
1,275,14
1,0,12
2,50,10
1,375,23
1,275,21
2,150,20
7,225,22
2,200,16
1,25,2
1,75,12
2,175,7
4,75,23
3,175,20
2,0,14
0,50,16
1,25,7
0,25,13
1,175,17
1,150,11
5,575,20
1,1075,25
2,450,16
5,825,30
1,475,15
1,175,11
0,375,18
2,25,8
4,625,20
2,250,7
4,175,27
9,200,11
0,25,7
2,0,14
2,1625,30
3,425,15
0,175,4
0,25,4
3,225,15
2,0,15
7,700,28
7,1150,32
1,100,13
2,125,16
2,25,23
0,150,6
0,25,1
1,25,9
1,475,7
6,300,23
0,50,3
0,25,8
1,725,37
1,300,17
0,0,5
0,300,8
0,100,8
0,150,23
2,125,19
0,0,8
0,200,13
0,75,12
2,325,6
10,225,17
3,275,22
0,75,18
0,75,16
4,125,20
2,375,8
0,0,7
1,100,11
0,25,8
0,25,13
1,25,10
2,25,10
2,75,7
2,200,16
2,250,14
3,0,13
0,0,1
7,525,24
11,700,63
1,0,5
1,950,26
3,325,21
1,650,22
0,550,18
0,0,2
0,0,1
1,0,9
0,0,1
0,225,21
2,125,9
0,125,9
0,100,6
2,200,3
1,200,5
7,575,39
0,0,5
1,0,18
2,425,8
2,25,2
2,200,12
1,0,5
1,425,33
2,225,12
0,25,16
3,0,13
5,1050,40
1,950,24
0,75,6
3,150,20
2,700,36
1,300,9
3,375,13
0,400,8
0,325,9
2,175,13
1,50,21
0,0,4
3,550,28
2,250,9
0,25,2
0,550,17
1,325,12
1,350,9
1,0,12
1,425,31
0,0,2
3,550,22
3,400,14
2,50,21
0,0,6
9,625,51
2,825,20
0,200,19
2,250,23
0,0,10
1,475,9
1,775,19
3,100,14
3,950,28
5,1150,38
3,0,12
0,50,13
4,1725,27
7,375,4
5,325,30
0,75,8
0,25,2
3,50,10
3,700,36
1,150,4
4,350,12
1,0,6
3,225,16
0,150,12
1,150,7
0,175,6
2,100,19
0,325,12
3,200,24
0,800,31
6,225,35
0,0,3
1,50,14
0,0,3
5,150,17
0,0,3
3,425,25
5,525,20
2,150,21
0,0,9
1,525,25
1,0,6
4,275,16
0,0,0
0,225,6
0,0,2
1,0,3
1,200,13
0,0,13
0,100,14
1,25,22
0,50,13
1,75,11
0,175,11
1,25,12
2,175,12
0,50,9
1,0,18
0,150,9
5,175,15
1,200,9
2,175,18
0,250,10
2,125,14
6,300,27
4,250,10
0,100,9
1,125,9
2,175,16
0,125,18
7,900,28
0,325,10
7,400,27
1,775,20
8,900,20
1,275,3
1,100,13
1,0,9
0,0,3
1,550,8
1,225,16
1,400,17
3,125,22
1,175,10
1,25,11
1,325,21
0,25,3
0,0,7
5,475,36
1,375,11
0,25,10
0,175,9
0,25,18
0,0,6
1,0,13
3,275,17
1,450,8
2,175,12
0,425,21
0,350,23
1,25,10
0,75,6
1,75,8
1,50,12
5,75,9
2,100,9
4,625,37
0,25,4
2,550,15
2,250,27
2,400,11
4,75,13
0,25,12
2,150,25
0,0,5
6,375,34
6,900,46
2,25,14
2,50,5
1,275,15
3,450,22
4,200,13
0,275,27
1,0,3
0,25,0
2,225,38
2,475,13
0,100,10
0,100,7
2,225,12
1,200,16
2,525,10
1,225,10
3,0,8
1,0,18
2,300,17
2,50,3
1,175,19
0,50,7
2,100,13
0,150,15
2,150,5
3,550,36
1,725,20
0,125,11
0,125,12
1,75,11
2,325,9
5,475,18
1,575,18
2,175,8
3,250,18
3,700,20
2,975,25
0,0,3
0,825,5
1,1100,16
4,400,33
2,200,9
1,100,14
0,200,1
1,0,25
3,175,21
1,0,9
6,350,23
1,200,13
2,150,14
0,275,5
1,1975,17
0,50,17
0,0,2
1,50,5
1,200,13
4,1250,16
6,1100,45
0,100,10
1,200,18
0,0,4
0,150,17
2,0,12
1,25,4
1,275,3
4,450,13
2,100,20
1,25,4
1,350,3
1,125,4
0,0,16
0,0,5
1,325,12
0,150,11
6,850,38
0,250,0
1,50,11
0,25,6
3,775,15
1,50,9
1,50,3
0,500,17
2,100,4
24,1075,56
0,975,8
2,0,2
0,325,11
5,1100,47
5,25,27
2,25,17
1,50,18
1,25,17
2,200,10
0,0,8
0,100,11
3,275,17
1,175,7
1,300,11
8,675,31
0,0,2
1,175,21
0,775,8
1,100,9
0,200,22
4,675,28
4,525,26
2,100,19
0,0,4
1,75,10
10,550,14
5,575,9
2,25,10
4,100,20
7,1350,22
6,1150,22
2,525,9
2,675,22
0,0,7
1,875,13
5,0,9
5,700,10
6,150,21
2,0,8
0,50,5
2,25,21
0,0,5
3,875,26
1,500,19
2,175,8
2,350,20
5,950,33
3,375,18
1,25,11
1,350,5
0,175,18
2,300,22
2,200,21
1,225,20
6,175,33
0,175,9
1,475,8
2,0,7
1,125,10
2,200,12
4,750,17
1,200,6
6,125,8
3,800,34
1,75,11
0,875,28
0,150,11
0,25,9
1,350,35
0,175,6
0,175,12
2,225,19
0,100,7
4,275,10
1,125,25
4,750,33
3,325,29
0,125,6
0,175,7
6,800,26
2,0,10
3,500,18
0,0,0
5,250,35
1,725,21
5,300,30
0,75,7
2,225,29
1,225,20
3,650,12
0,425,9
4,25,27
1,100,16
4,0,18
0,0,2
2,25,14
6,25,20
5,625,17
3,250,17
0,225,26
0,425,5
2,750,11
4,475,13
5,850,35
0,0,3
1,125,7
2,325,5
2,875,10
1,150,13
1,100,23
4,625,20
1,25,4
2,300,22
0,25,0
2,100,20
0,175,11
5,500,20
2,350,17
0,375,13
0,100,14
7,325,12
1,50,22
0,0,10
1,125,5
1,200,8
2,575,10
6,550,15
0,75,8
1,250,6
1,125,4
3,475,30
3,500,56
2,450,10
0,25,12
2,975,24
14,125,15
2,600,35
0,175,17
4,500,31
2,450,27
2,200,18
2,175,16
1,0,7
3,125,6
2,200,20
7,175,26
5,900,31
1,100,29
1,125,9
2,200,27
3,250,5
6,525,33
0,0,4
2,600,22
2,625,15
1,0,0
2,275,8
0,0,0
1,525,20
9,175,19
2,25,8
2,200,27
1,400,7
1,125,19
0,150,20
1,0,3
1,400,24
1,750,27
1,300,18
0,25,21
5,650,15
3,400,56
2,500,24
0,50,11
0,275,12
2,175,16
1,450,7
1,100,3
0,25,1
4,25,19
0,25,6
3,175,11
1,175,16
1,75,10
1,500,9
0,150,4
1,75,4
1,0,15
2,25,9
2,25,17
0,25,9
3,425,20
2,350,19
0,25,5
2,100,11
0,125,8
1,0,11
6,1100,38
1,150,15
3,325,27
2,500,13
6,300,31
1,425,29
0,275,15
3,125,29
1,0,7
1,150,3
3,475,42
0,300,13
2,425,34
3,400,36
3,25,10
2,100,10
4,775,23
4,250,14
9,750,41
2,175,10
2,0,14
3,275,20
1,50,6
0,275,17
2,375,16
8,425,17
2,650,34
1,50,5
0,0,8
2,0,13
1,425,15
4,575,13
4,1350,25
1,250,9
0,100,9
3,600,15
1,275,9
0,0,1
0,325,8
0,250,15
2,75,14
1,75,1
1,400,13
0,25,12
0,50,5
2,200,16
3,325,9
0,50,20
2,500,20
0,150,3
0,0,2
0,0,5
0,150,7
1,375,18
2,425,18
4,400,8
2,25,26
0,75,8
0,325,11
2,200,16
1,50,9
1,300,19
1,300,9
21,850,63
7,925,25
9,325,40
2,375,22
2,225,11
2,125,22
0,0,8
0,200,18
4,575,18
1,25,15
3,600,33
1,100,18
4,1200,53
7,425,26
0,75,5
1,75,3
0,0,1
5,275,26
1,525,32
1,0,2
2,75,5
4,25,17
3,100,25
2,50,11
0,100,12
0,25,24
0,125,7
3,625,42
8,0,27
2,250,11
2,425,19
1,50,14
0,0,1
2,125,22
0,25,10
0,25,4
5,1100,32
0,0,10
1,225,39
6,375,36
0,0,18
0,25,4
2,200,11
2,250,20
1,475,8
1,400,13
1,25,6
0,50,7
0,50,5
0,100,8
1,225,31
1,400,16
2,500,16
20,200,83
2,275,15
0,100,10
3,425,20
2,175,9
0,75,16
1,250,7
2,200,20
5,525,37
5,300,28
0,25,2
1,0,3
1,150,20
1,150,3
4,1125,16
0,25,15
0,450,15
2,200,12
1,0,5
7,100,31
4,225,26
3,100,9
7,975,31
1,150,21
3,150,19
0,75,7
1,150,15
0,100,13
2,375,25
1,225,14
2,75,14
3,0,18
1,550,14
1,25,6
1,200,4
1,625,28
1,450,25
0,25,24
0,0,9
2,225,19
9,400,30
1,200,14
1,25,8
2,50,35
0,125,13
1,25,27
1,250,17
9,100,32
6,125,11
5,75,11
0,25,11
2,350,13
0,25,2
1,400,11
8,350,37
0,25,1
0,100,8
3,625,33
0,200,17
0,25,7
3,1225,34
1,0,1
1,0,8
0,100,3
5,0,17
4,350,28
0,0,9
4,0,15
0,25,4
1,300,21
3,400,28
2,125,7
0,150,17
8,725,23
0,75,6
0,400,12
3,25,16
4,275,12
5,650,20
1,75,25
3,250,26
0,175,9
1,425,30
0,125,3
1,0,2
1,25,10
2,0,3
0,0,4
2,75,14
1,375,22
2,25,8
4,250,7
1,0,12
2,550,25
1,175,25
0,475,10
0,475,20
4,500,35
1,50,14
0,0,1
0,50,13
0,250,12
16,750,47
1,125,10
1,275,12
4,775,31
0,325,17
0,0,7
3,775,28
2,300,25
1,175,15
0,775,5
0,150,12
1,600,17
0,0,4
0,100,13
9,725,29
3,200,23
5,500,41
0,25,5
6,1000,33
0,275,7
0,150,6
1,100,3
2,0,25
2,25,20
1,225,15
1,200,5
7,425,19
6,50,27
1,75,20
1,0,11
0,125,6
1,100,19
1,175,6
3,0,5
3,175,17
3,275,18
0,25,8
5,1050,24
2,175,13
5,375,26
5,225,33
6,325,41
1,25,7
2,925,15
1,0,10
0,225,21
0,375,10
3,250,21
0,0,4
0,100,8
0,175,4
0,450,12
2,800,18
3,600,17
1,50,16
2,250,19
0,100,6
3,125,22
0,1000,28
2,375,27
0,125,5
0,0,3
0,175,22
5,450,19
11,650,61
1,375,18
0,0,6
4,800,37
3,75,9
1,125,9
1,925,34
1,25,7
1,175,5
7,825,54
2,300,10
1,125,13
13,1525,63
0,75,1
0,175,21
3,375,33
5,775,36
1,0,9
6,200,22
3,150,12
4,250,25
3,225,19
1,100,9
0,125,8
1,100,11
0,350,25
1,425,16
3,825,30
1,375,13
1,250,12
1,150,10
0,125,0
0,175,6
3,175,11
0,125,4
3,225,10
1,125,5
0,25,5
1,625,7
2,525,24
0,75,12
0,0,4
0,125,6
0,300,6
1,200,23
2,450,27
0,0,7
1,250,12
2,175,19
4,150,17
3,250,25
0,100,27
3,775,18
1,50,14
0,0,15
0,250,20
2,0,2
5,650,40
6,250,37
4,450,7
6,250,18
3,150,26
3,75,8
6,450,36
1,225,4
5,275,34
0,25,13
2,200,18
2,750,12
1,75,31
0,150,17
0,0,13
1,25,9
10,950,34
3,525,39
1,25,14
2,250,33
1,150,8
0,150,13
1,100,12
2,100,12
0,200,15
5,475,24
3,0,19
5,250,5
0,100,7
6,275,14
1,250,13
1,525,10
5,425,13
4,475,37
1,0,8
4,725,23
0,25,10
1,100,17
1,175,12
0,0,1
1,0,2
3,800,42
1,500,28
2,150,10
2,25,22
3,100,23
0,25,3
1,450,15
0,75,7
1,100,9
0,25,6
2,400,18
1,25,10
6,700,37
0,25,8
2,275,11
1,300,11
1,750,33
0,25,0
3,1575,34
5,375,30
3,350,9
1,275,8
0,25,13
1,325,18
4,625,38
4,25,16
4,300,32
0,225,22
7,1375,19
2,50,17
1,200,22
1,325,29
3,50,22
5,150,16
2,100,15
0,25,3
0,0,14
5,600,20
0,25,2
1,0,17
2,375,16
2,125,13
2,25,12
4,850,42
1,25,12
5,550,28
1,75,7
2,350,19
2,150,26
2,1025,21
1,0,11
3,425,27
2,75,16
5,675,31
2,225,13
6,150,14
1,125,7
12,2100,48
2,25,12
3,700,32
13,850,63
0,0,1
0,100,2
8,1375,37
0,350,1
3,250,17
1,125,9
0,0,6
0,0,6
2,725,12
1,375,6
1,225,9
0,275,10
0,0,4
1,200,15
0,150,9
2,100,9
5,300,35
1,325,18
2,475,13
2,750,14
2,250,9
2,275,36
3,400,17
1,150,3
6,0,8
2,175,19
1,200,11
0,100,9
0,25,2
0,0,4
0,125,2
0,25,8
1,300,12
1,225,20
3,325,27
2,25,5
6,50,34
2,225,9
4,25,16
1,75,4
2,300,10
16,1350,32
1,125,5
0,75,12
1,125,12
0,25,18
0,25,4
4,425,36
3,150,26
2,625,12
2,225,17
13,175,30
1,25,16
2,25,17
1,500,8
0,0,0
1,0,9
0,100,3
0,875,22
1,275,24
0,0,3
1,625,20
2,1100,35
1,0,10
0,125,9
0,0,13
1,400,6
5,575,18
5,150,9
0,0,2
4,150,26
0,100,18
12,125,13
6,25,17
0,100,3
1,150,14
7,875,18
1,350,15
1,100,12
4,75,30
2,250,7
0,150,7
1,600,29
1,25,2
0,50,4
0,150,17
5,175,26
1,650,11
0,200,6
5,250,19
1,25,15
2,200,21
0,275,14
0,0,6
0,0,5
0,25,8
3,175,24
2,100,16
1,75,7
1,0,12
4,125,8
6,825,58
0,175,8
0,50,18
1,25,13
0,25,0
1,275,18
3,425,21
0,400,8
4,175,17
1,150,10
0,25,3
2,225,2
3,325,18
1,0,17
0,25,6
7,275,39
1,200,10
0,675,22
0,25,6
1,25,8
1,375,23
2,50,18
2,75,11
2,250,61
0,0,13
0,50,7
2,250,22
0,0,3
2,550,31
3,350,21
2,25,18
1,250,6
1,275,26
0,25,8
5,825,17
1,500,22
0,50,10
5,650,33
2,600,30
2,1050,17
3,200,14
5,700,19
0,0,6
2,50,9
0,675,10
0,0,7
4,50,35
0,200,6
1,50,3
8,525,16
6,375,24
0,25,13
3,600,26
1,150,20
5,800,31
1,0,9
3,200,7
2,675,18
0,175,11
4,150,5
2,175,5
0,625,14
4,650,34
7,775,29
2,700,24
0,0,6
2,250,11
0,75,6
0,125,0
0,450,19
0,0,6
3,25,21
1,550,12
2,450,18
6,500,35
0,75,2
2,625,15
0,175,14
3,350,24
0,500,11
1,525,10
1,100,5
1,25,7
10,325,22
3,75,22
2,275,13
3,275,31
2,150,11
1,200,15
3,1000,14
16,550,42
1,225,17
2,225,18
7,450,47
1,75,31
2,250,25
6,1150,28
0,675,20
3,200,19
2,125,9
1,1025,23
1,225,10
3,125,20
1,150,13
4,275,19
1,175,22
2,125,9
7,250,26
0,200,19
0,0,0
1,25,17
0,0,10
0,0,10
1,175,14
3,825,29
3,350,22
0,0,14
4,125,8
0,125,3
1,125,14
3,900,44
1,25,12
1,100,7
2,25,14
0,275,21
3,675,8
0,275,25
2,275,8
7,125,27
1,575,16
1,150,9
2,25,0
0,25,8
1,175,9
2,100,15
0,0,8
0,0,3
3,0,22
6,650,38
1,150,8
2,50,11
4,50,11
2,50,5
6,950,36
0,0,7
0,50,14
0,100,5
1,200,13
0,0,5
3,425,10
1,0,8
1,100,12
3,125,17
0,0,5
3,225,11
5,375,30
3,50,9
0,25,10
1,0,1
4,250,32
5,250,29
1,25,17
0,1850,23
1,300,11
0,125,4
1,0,2
9,575,40
1,25,14
1,0,10
2,500,43
1,175,9
7,400,39
2,100,10
7,400,35
6,400,33
1,75,10
3,625,28
5,250,16
8,100,17
4,550,28
11,1250,60
2,525,6
3,250,13
2,0,6
1,0,17
2,25,11
3,25,23
5,325,25
2,175,15
0,25,10
1,25,12
3,125,29
1,0,6
5,750,46
0,125,15
0,25,9
2,250,17
0,100,7
0,300,12
5,175,12
0,525,32
0,200,19
5,50,12
1,1150,37
0,100,7
2,350,6
3,625,25
0,50,2
2,100,22
8,375,33
4,575,32
5,375,20
0,25,5
1,325,20
9,1350,26
1,400,14
0,0,3
0,300,14
1,200,16
1,0,10
2,375,23
3,75,7
1,150,18
0,25,4
0,400,11
1,400,4
0,100,9
1,350,22
2,25,21
0,475,3
0,200,12
1,350,20
1,300,7
5,400,11
2,625,31
1,125,9
0,125,9
0,300,11
1,275,9
0,0,7
1,0,5
0,150,5
1,625,17
1,250,25
3,50,14
3,275,16
0,125,14
4,125,22
6,725,41
0,175,11
1,225,6
5,775,45
3,1875,42
2,425,26
0,150,1
0,0,3
8,25,8
0,50,6
0,0,1
0,0,2
0,0,2
18,1200,35
2,175,6
0,25,3
1,100,12
4,925,22
4,275,13
7,625,28
2,550,19
0,25,2
1,200,16
3,225,13
3,25,17
2,225,32
3,250,18
0,175,8
2,250,13
0,0,4
0,425,4
0,0,4
1,0,2
4,475,12
7,975,30
0,650,12
0,125,8
2,125,25
0,275,12
0,25,0
10,700,34
2,525,15
2,75,1
2,250,14
0,375,11
0,50,14
1,100,4
0,125,12
1,200,6
0,25,36
3,100,13
0,375,9
0,75,21
2,175,9
0,0,5
5,25,18
0,0,4
1,0,8
9,575,26
10,1300,49
3,425,12
4,100,21
3,475,21
4,100,6
6,725,54
1,225,21
5,225,24
1,1275,9
2,400,25
2,325,10
0,50,10
1,25,19
2,50,6
2,175,18
2,325,15
1,100,15
1,25,13
4,675,15
1,75,10
2,375,34
2,125,6
0,0,4
3,50,4
1,75,11
4,400,9
2,350,21
1,175,14
2,0,6
2,100,18
0,0,4
4,125,7
2,400,31
0,325,12
0,325,12
0,25,9
1,25,20
4,975,41
1,0,1
1,75,13
0,175,7
4,350,10
0,150,17
3,350,12
3,50,4
0,25,13
0,0,1
1,50,12
0,150,28
0,75,8
1,375,14
2,100,13
3,250,30
0,325,17
2,825,30
4,1075,17
2,225,15
0,225,3
0,175,6
1,25,10
1,350,14
3,200,10
2,0,5
8,450,24
0,25,16
5,675,29
1,50,15
2,275,16
4,150,20
1,175,7
3,225,9
1,0,6
2,200,19
1,200,13
0,100,16
2,225,25
4,450,37
1,375,6
1,0,3
2,400,15
0,25,5
1,0,6
1,0,9
1,0,10
4,600,31
0,0,3
1,175,17
1,225,13
3,750,27
2,225,17
3,100,15
1,225,14
1,125,7
0,25,8
7,1100,16
0,25,6
4,850,35
1,375,13
2,800,22
0,125,5
0,175,14
6,275,24
3,75,11
2,50,11
0,25,21
1,0,4
4,1000,37
2,200,6
4,600,15
3,300,22
2,25,5
2,375,32
3,525,29
2,250,14
0,125,11
0,0,10
7,100,14
0,325,3
0,200,7
0,75,7
1,625,31
1,100,10
0,75,7
0,0,4
0,400,26
2,100,14
1,400,14
0,200,10
3,150,21
1,25,6
2,750,51
6,1250,48
1,225,16
0,25,11
2,300,22
0,275,25
5,700,52
0,25,1
1,425,30
0,100,4
2,200,16
1,100,12
1,750,26
0,175,3
0,0,1
2,50,11
12,600,31
1,500,42
3,150,10
2,25,6
4,200,24
0,0,4
2,475,9
6,1175,47
1,125,12
1,25,10
1,25,16
1,0,11
1,25,11
1,125,11
2,725,36
0,75,6
1,25,20
3,250,16
0,0,4
4,250,22
2,175,9
2,725,6
1,25,20
0,0,13
0,550,17
4,150,28
2,0,10
4,125,20
0,25,7
2,150,11
0,150,7
1,75,7
2,275,14
0,125,8
0,150,8
2,425,25
1,525,23
4,100,17
0,250,6
1,50,11
1,175,7
1,125,11
5,175,20
6,975,34
1,50,17
0,175,17
1,350,15
2,175,21
0,200,19
4,200,17
0,25,0
1,250,13
4,150,14
1,150,16
2,475,10
5,375,40
2,250,12
1,175,18
2,350,9
1,75,20
0,25,14
0,0,13
1,325,33
2,300,26
0,25,9
1,275,24
3,850,20
0,275,12
1,150,14
1,25,8
1,50,2
2,675,14
1,450,19
1,50,2
1,0,2
2,150,17
1,325,10
2,150,22
1,425,13
7,700,32
6,700,23
1,225,4
0,100,9
1,125,10
1,150,11
6,1100,47
3,50,9
1,50,14
1,400,22
2,75,24
4,25,8
5,50,12
2,0,7
3,100,32
3,0,15
3,625,30
0,75,3
0,125,3
1,125,16
2,175,13
1,0,3
1,75,11
2,150,18
5,100,23
0,25,3
6,200,7
2,475,26
1,75,10
2,125,21
3,25,16
2,50,7
6,1275,40
6,425,57
0,125,24
1,175,17
0,0,9
4,475,33
0,50,4
0,225,11
5,400,16
1,100,9
0,0,2
0,0,2
7,550,19
5,100,13
10,1750,92
9,125,34
1,250,18
3,625,39
5,150,12
1,325,7
0,175,17
1,25,7
6,825,68
0,325,23
1,100,15
3,800,21
7,325,24
0,75,8
3,150,6
12,375,31
1,150,20
2,150,12
1,150,10
1,25,4
0,75,18
0,150,11
0,25,6
3,125,7
0,350,20
4,50,24
1,175,10
1,375,36
1,25,9
1,250,18
0,125,8
2,425,13
1,25,10
3,1525,24
2,0,8
2,750,14
1,25,14
1,100,7
0,675,8
1,0,11
0,100,10
1,75,9
4,600,20
0,100,8
3,400,26
2,250,5
1,500,16
4,875,46
3,125,16
1,25,6
1,225,3
2,625,25
7,825,34
1,50,1
1,200,10
1,0,14
3,450,29
0,0,9
10,1100,63
2,300,29
4,325,11
2,800,12
0,300,14
3,175,10
9,225,47
0,0,14
1,25,19
2,300,26
2,350,3
0,225,20
0,200,14
0,125,14
0,450,8
0,25,10
3,100,15
1,50,4
0,50,3
0,25,10
11,625,33
1,125,6
0,75,4
1,25,20
0,0,0
5,500,15
1,725,19
2,275,14
0,25,7
2,400,26
3,400,19
1,800,5
0,25,3
2,200,16
2,200,5
0,0,12
2,0,6
3,250,25
3,450,29
0,0,13
0,200,8
4,50,28
0,200,6
2,150,11
4,700,27
0,50,17
0,0,1
0,50,1
0,50,5
1,225,17
0,250,9
5,0,10
1,25,12
2,25,13
3,725,27
1,425,20
6,950,45
4,25,6
2,375,42
2,325,15
1,650,10
3,425,13
4,425,32
0,250,18
1,275,31
1,425,16
0,800,16
2,600,19
3,75,8
2,450,14
1,50,2
2,525,21
0,0,12
0,175,16
3,50,12
6,1100,29
3,300,14
0,0,4
0,50,9
5,250,27
4,1250,33
0,25,6
3,800,37
5,625,31
2,425,12
1,25,17
0,200,15
2,225,21
1,350,16
2,0,9
3,325,23
5,500,37
0,575,20
0,400,19
0,100,25
0,25,14
1,0,7
0,225,25
2,175,12
0,0,0
1,0,6
2,75,15
1,250,25
10,1150,33
3,525,28
0,75,6
1,25,22
1,0,5
4,75,14
2,700,10
0,50,12
0,0,8
6,325,28
1,1500,12
4,875,20
0,0,4
0,100,16
1,25,14
2,250,9
13,25,13
1,0,6
0,250,8
5,75,29
0,75,27
1,250,14
4,25,22
0,150,5
3,0,14
0,225,27
0,0,0
2,75,6
2,275,12
1,0,18
1,100,13
4,500,18
1,50,14
2,225,14
1,375,6
4,75,15
1,900,20
2,325,14
3,75,10
0,200,7
3,100,8
2,175,23
1,0,5
2,450,17
3,100,8
1,50,5
0,175,14
2,225,9
3,175,11
1,0,6
2,175,14
1,125,8
3,400,9
3,1200,33
0,0,2
1,200,16
1,150,28
1,375,20
0,75,14
4,900,41
1,100,6
1,425,12
1,25,14
2,200,20
1,0,15
2,550,8
1,0,14
2,300,15
2,425,12
1,25,10
0,0,2
2,50,18
4,250,34
3,900,28
1,350,9
0,0,1
2,450,13
1,25,11
0,0,10
0,100,5
1,25,18
4,75,20
0,225,10
2,375,16
1,0,5
1,225,14
1,50,7
1,100,4
4,250,31
6,50,35
0,0,10
2,900,11
1,50,8
2,25,11
1,25,24
0,50,5
1,50,4
2,225,11
1,150,8
4,75,37
1,200,17
2,0,23
0,0,1
0,0,10
1,250,15
0,0,3
7,950,35
1,200,22
0,100,10
2,425,20
5,750,26
0,0,1
4,375,11
0,0,8
2,150,10
0,25,8
3,250,13
0,0,10
2,225,9
1,25,3
2,100,12
0,325,19
5,75,19
3,325,26
1,50,9
1,175,5
0,0,5
6,1450,18
1,700,28
0,0,9
6,1225,22
1,250,16
1,175,14
3,525,21
1,100,13
0,150,11
6,250,17
2,25,20
1,25,3
1,150,7
0,50,11
1,100,13
0,225,6
1,25,20
0,25,10
5,975,34
0,325,14
1,125,18
2,75,11
2,575,14
0,75,13
0,400,19
0,25,13
2,125,30
2,0,5
1,75,9
0,50,6
6,325,12
2,100,14
5,700,21
1,25,4
0,25,8
3,750,19
2,75,5
5,375,38
0,75,16
1,25,5
5,650,73
1,125,11
3,50,26
0,125,14
0,0,7
0,225,13
3,700,13
3,125,4
1,425,4
0,0,15
5,700,30
4,525,35
3,150,14
0,100,12
0,25,0
2,50,30
0,25,12
5,725,32
1,100,14
2,275,5
1,175,26
1,525,17
10,700,30
0,0,5
0,150,14
1,25,15
3,350,15
11,400,28
0,50,14
2,925,30
2,225,10
1,125,24
3,550,12
0,275,13
1,50,15
2,125,4
1,375,15
0,275,9
7,50,20
1,75,14
1,225,8
0,0,6
4,900,23
2,75,10
1,100,14
1,500,9
1,600,19
0,0,4
3,500,31
0,50,10
2,300,28
1,250,22
0,200,9
0,200,13
1,25,24
1,725,39
2,500,15
5,175,31
0,100,11
7,450,35
4,275,16
2,150,12
0,0,7
2,100,18
0,225,12
5,300,15
1,200,15
2,150,15
2,325,1
1,500,15
3,325,18
0,0,3
2,225,22
14,350,25
4,525,15
1,100,4
2,625,18
0,525,13
0,50,17
3,125,31
4,125,10
2,225,24
1,125,15
1,0,12
5,375,18
0,175,10
2,425,16
1,75,13
1,0,8
0,150,18
2,300,26
3,0,12
1,250,17
0,50,5
5,150,11
9,150,27
3,125,13
2,200,25
2,150,16
0,575,6
3,125,18
0,175,11
0,25,22
4,575,18
8,325,23
3,300,34
12,925,36
0,100,5
0,25,5
0,125,13
1,225,13
0,175,8
1,0,7
0,225,11
5,225,15
1,175,18
1,350,29
10,250,39
0,0,3
0,475,14
0,0,11
2,175,16
2,50,12
3,250,23
0,125,10
5,625,35
0,475,22
2,350,43
0,0,9
2,25,8
0,0,10
2,200,4
2,325,12
0,0,5
2,25,6
0,0,3
0,175,1
2,125,11
3,700,44
5,400,21
1,100,6
1,200,13
5,225,16
1,300,11
1,150,13
8,900,46
5,275,33
1,200,21
5,600,17
1,475,9
0,75,20
0,0,15
2,0,13
3,800,15
4,675,12
3,0,17
1,175,9
0,75,3
5,425,34
0,100,6
3,50,8
3,25,6
0,75,3
1,0,12
4,1100,25
1,0,15
1,75,13
3,250,13
0,125,7
0,25,11
5,1050,34
2,225,12
3,275,15
1,125,9
1,25,10
0,25,6
2,25,21
2,25,11
1,0,0
1,25,5
0,50,8
2,675,41
1,25,6
0,25,12
1,175,14
6,350,31
1,75,7
2,500,19
2,25,8
0,0,7
0,50,3
1,25,10
2,325,38
0,200,9
1,200,9
5,125,24
6,375,34
6,475,21
0,650,10
1,225,23
1,475,15
0,175,11
1,75,31
4,475,9
4,450,7
0,100,4
0,250,19
0,100,7
1,100,15
1,25,14
5,800,21
1,1075,26
6,1100,34
0,200,2
1,0,6
0,0,1
1,0,5
0,0,7
7,850,32
0,100,4
2,200,16
0,350,12
0,75,16
1,50,11
3,125,17
0,75,5
0,25,4
0,50,13
0,275,18
5,375,34
7,350,18
0,1050,17
5,275,10
3,25,7
0,0,3
1,125,13
2,300,20
0,125,7
3,175,13
0,0,4
1,375,13
1,225,19
9,100,29
2,800,19
2,50,5
1,150,4
0,25,7
1,100,10
0,0,1
0,0,5
2,425,15
2,275,13
0,100,23
0,500,4
1,1000,14
3,150,12
1,25,7
2,25,21
1,150,11
1,75,13
0,300,5
1,850,6
2,175,8
2,0,6
3,300,16
0,0,7
1,0,3
3,0,7
2,1925,44
0,275,27
0,25,3
0,150,16
6,300,9
2,625,8
0,50,9
4,200,10
0,0,5
0,0,8
0,50,12
1,175,15
0,50,24
1,250,6
0,25,12
1,150,4
2,0,7
1,175,23
2,50,7
1,100,18
0,100,16
0,0,7
4,75,10
7,225,57
4,925,12
9,400,49
0,750,13
3,50,12
2,525,19
0,125,2
0,800,12
2,125,16
2,300,21
6,25,17
0,75,7
0,150,11
3,0,17
0,325,11
1,200,13
1,125,9
1,50,3
5,400,27
0,400,15
1,475,26
2,200,20
3,1350,50
2,200,17
2,125,49
1,150,11
3,225,15
1,75,17
1,350,18
3,150,8
2,200,21
1,150,10
0,100,9
1,475,18
10,125,30
3,200,16
0,175,8
2,200,6
1,475,19
0,500,20
5,400,16
0,75,5
3,1300,54
1,0,2
0,0,10
6,600,16
2,175,6
1,50,12
2,125,23
1,200,22
0,75,5
0,0,6
1,0,19
4,225,13
2,150,21
4,50,13
1,175,16
5,225,23
1,625,12
0,375,16
4,325,13
2,50,21
1,25,8
2,50,7
1,125,11
0,100,9
1,50,11
1,150,6
7,125,17
1,325,13
5,400,33
2,175,7
1,50,14
1,75,19
0,125,7
1,475,13
2,600,17
9,525,57
0,175,12
0,150,16
0,0,2
0,0,7
0,250,1
3,1675,25
4,125,9
2,100,6
0,0,7
2,200,12
2,625,13
5,0,12
1,150,18
2,0,8
0,0,11
2,375,11
2,575,30
0,200,12
8,550,23
2,25,25
4,325,20
0,0,9
0,50,14
2,50,25
0,25,15
0,25,9
4,75,33
3,425,16
1,175,18
0,175,10
1,0,5
0,25,5
0,175,14
1,100,30
1,200,22
1,125,6
1,0,7
4,225,24
2,575,18
5,50,8
0,0,7
0,25,13
7,1500,46
3,400,16
2,175,15
0,0,7
0,425,10
1,50,8
2,300,17
6,500,17
0,25,4
1,550,36
2,150,25
2,25,9
0,50,21
3,225,32
7,1150,41
0,200,11
0,50,2
1,150,5
3,450,18
6,1075,17
8,800,45
2,200,17
1,0,11
0,650,8
2,250,8
11,275,16
0,250,10
8,875,25
2,275,14
5,275,41
8,1075,66
0,150,17
1,175,11
0,100,8
1,0,8
3,750,20
1,200,37
4,675,20
2,275,15
3,125,19
2,250,9
0,250,16
1,0,9
2,50,18
5,1500,16
0,300,28
1,175,7
9,425,29
3,325,28
11,225,30
1,25,8
0,0,1
1,0,7
3,275,18
0,250,19
1,75,4
1,25,20
2,400,28
1,75,12
0,0,1
1,0,8
2,300,14
1,75,13
0,50,8
0,0,1
1,100,10
0,0,6
12,675,64
0,100,5
4,1025,39
5,425,35
0,450,7
2,50,12
3,150,12
3,425,15
1,100,7
1,125,4
0,75,12
3,525,33
4,25,12
6,925,38
0,150,16
1,25,4
2,25,12
7,700,22
0,0,0
0,0,1
3,175,25
0,25,11
0,550,16
2,100,10
0,50,2
1,25,9
1,200,11
0,400,23
1,150,24
2,600,19
1,50,15
3,475,18
0,0,2
1,400,11
11,475,53
0,225,13
3,0,9
1,0,9
2,300,25
1,325,7
0,125,9
5,350,16
10,1225,46
7,1700,66
3,225,10
0,0,9
2,75,13
9,650,46
0,0,6
1,625,23
2,350,20
1,25,6
2,275,10
0,125,4
3,500,13
1,550,19
0,75,6
0,0,3
2,75,4
1,50,8
0,200,9
2,275,14
6,400,30
3,350,21
1,325,29
1,375,26
1,125,9
9,1475,48
0,0,3
0,100,5
6,175,28
0,0,5
1,100,9
0,400,13
3,775,25
0,425,30
0,25,8
1,0,3
0,875,25
1,350,19
1,125,19
3,75,13
2,75,19
0,0,13
1,25,12
0,200,9
2,150,14
0,75,17
3,150,25
5,250,15
2,25,13
2,175,41
1,50,12
3,675,27
4,100,14
3,500,42
3,150,13
1,375,14
11,75,37
0,25,11
3,50,10
2,200,2
0,0,6
0,150,8
1,50,11
1,125,31
4,50,21
9,550,39
2,0,9
3,300,18
6,275,19
2,875,23
2,100,5
0,200,10
11,250,29
2,75,4
1,575,14
0,0,13
1,250,14
1,850,18
1,425,7
5,325,24
0,25,13
1,50,2
1,250,33
4,75,8
3,200,8
1,100,15
1,400,21
2,400,35
0,400,7
3,575,31
4,175,13
0,0,6
1,600,11
3,550,7
4,525,10
0,75,5
4,575,24
1,325,14
3,500,18
0,125,3
10,1675,52
0,175,18
1,25,12
0,0,6
1,325,14
1,650,16
1,100,20
2,275,21
0,0,6
11,300,31
0,0,10
6,475,12
2,25,6
1,250,10
0,400,8
5,125,13
0,175,24
7,600,18
6,175,28
0,25,15
7,450,25
1,200,24
0,25,12
2,1850,37
1,125,4
4,500,29
0,25,8
0,50,10
0,150,13
1,125,18
0,300,9
2,325,22
0,275,8
0,0,1
4,600,34
6,250,28
0,200,21
1,25,6
1,225,40
1,75,11
0,0,2
0,0,5
4,100,18
3,600,23
1,275,11
5,125,25
5,275,33
2,475,24
4,425,24
1,25,12
1,450,11
1,225,32
0,75,7
2,525,17
1,125,11
0,225,10
6,100,16
1,100,15
0,75,15
0,25,4
0,25,10
1,75,11
1,50,24
3,175,14
7,825,33
3,600,34
3,175,12
1,150,16
0,175,10
5,475,16
4,225,9
5,225,11
3,250,9
2,250,17
1,150,21
0,375,11
1,475,19
1,200,14
0,0,4
0,25,3
1,200,19
8,100,17
2,0,5
0,150,3
2,275,31
0,1275,19
0,0,7
1,225,20
3,150,16
0,100,8
6,75,9
3,750,34
7,1750,81
3,425,4
15,500,66
5,150,8
2,175,19
0,125,2
4,700,22
4,100,20
2,750,45
2,450,44
1,0,13
5,1000,24
0,50,5
1,50,7
0,125,8
3,300,18
1,375,19
0,750,12
0,0,8
2,925,12
2,0,14
8,1025,41
0,125,39
2,350,16
1,525,21
0,150,4
0,0,7
1,250,25
4,575,15
2,25,17
2,100,6
0,425,25
7,525,31
2,650,28
6,225,25
3,250,22
4,550,32
1,375,29
0,125,15
1,150,22
0,50,5
0,0,1
12,875,66
3,675,21
0,25,12
0,25,11
2,100,19
2,550,18
1,375,24
1,225,8
0,900,4
2,200,9
6,175,21
2,50,8
1,25,9
0,100,20
2,50,16
0,175,16
3,225,16
1,50,6
4,400,17
0,175,7
0,150,12
1,150,17
4,225,15
1,225,9
5,100,32
9,800,74
3,125,26
0,100,8
1,0,3
2,125,38
3,800,15
0,100,11
1,50,10
10,175,21
0,0,11
2,800,38
1,50,6
0,0,12
4,125,13
0,225,14
3,100,6
2,100,10
0,0,10
1,275,11
3,75,2
1,0,4
4,600,22
0,25,3
2,500,17
0,350,20
4,475,10
4,600,17
6,75,15
1,125,14
0,175,13
1,0,10
1,25,4
0,150,1
0,450,7
3,100,25
0,25,8
0,50,13
0,200,14
6,550,33
1,0,8
1,400,14
5,200,21
1,50,5
8,350,52
0,0,2
4,75,13
0,125,7
4,1125,41
3,250,18
9,850,28
1,25,2
4,175,9
0,0,2
4,600,53
2,100,12
1,175,6
0,325,5
4,475,44
0,0,16
1,900,43
5,425,21
2,775,33
4,200,29
1,175,12
0,0,10
4,100,16
4,675,14
0,225,11
5,100,21
0,25,8
3,650,32
1,200,12
0,75,14
8,975,50
1,25,15
5,475,46
0,0,3
1,75,4
2,25,10
5,900,25
4,325,20
1,375,17
0,0,4
0,175,23
1,175,6
1,400,9
1,650,29
1,0,4
0,75,24
0,100,4
0,175,7
0,100,3
2,275,36
1,175,23
0,200,7
2,50,7
3,575,14
0,25,6
6,550,13
3,1375,48
4,275,10
0,175,9
0,0,4
3,650,14
1,600,17
0,150,11
2,25,10
2,25,13
2,25,8
1,100,6
1,100,17
4,25,18
0,0,13
9,150,14
2,75,12
0,25,8
0,0,2
2,950,18
0,25,7
7,175,29
0,125,9
3,25,6
2,250,26
2,325,23
1,325,20
0,100,5
3,75,10
1,475,20
3,50,26
2,125,10
5,600,27
1,0,6
4,50,17
0,0,2
0,25,8
0,0,1
3,350,23
1,25,18
0,0,2
0,50,6
2,700,14
1,50,5
7,925,22
0,125,6
1,75,5
1,50,8
1,75,5
1,50,11
0,200,14
3,400,12
0,0,4
1,25,28
0,200,11
1,325,12
2,150,21
2,125,27
2,100,35
9,700,44
1,0,9
1,700,20
2,475,25
1,300,18
1,0,12
2,600,22
2,50,7
5,550,14
1,50,22
0,25,3
0,0,2
0,50,14
5,450,19
0,50,1
0,225,15
3,200,19
0,250,12
2,0,3
1,225,7
12,375,54
0,25,8
2,125,13
1,0,4
2,225,13
1,175,14
5,450,13
2,175,20
2,500,14
2,50,9
1,225,8
0,0,11
6,550,13
1,0,10
9,750,62
0,25,12
3,325,15
1,150,12
4,300,25
1,150,12
1,25,6
3,100,7
0,25,33
0,0,5
5,0,21
1,325,13
1,125,20
2,0,6
1,325,29
11,450,25
2,150,5
6,175,13
4,650,42
6,475,36
0,500,12
5,975,19
0,25,3
4,350,28
0,50,15
5,150,34
0,100,12
2,800,28
0,75,3
1,75,8
0,0,2
1,0,13
2,450,22
4,225,38
1,100,20
3,750,50
0,25,6
10,125,24
0,0,3
2,75,16
1,200,5
0,25,8
2,25,18
1,0,8
1,300,29
1,25,8
0,50,16
1,175,8
3,350,19
1,250,12
5,825,28
4,275,19
0,275,0
0,0,4
1,25,5
1,125,12
1,275,15
3,325,7
2,25,11
3,50,22
4,725,19
2,375,17
0,25,2
8,850,46
3,225,17
4,100,17
5,250,14
0,275,9
1,75,2
1,125,9
0,25,8
4,400,26
3,375,29
2,125,12
1,175,27
1,125,4
0,75,4
2,225,29
3,250,27
0,25,1
0,50,5
2,575,15
0,650,19
2,100,21
0,100,8
1,275,9
4,275,26
5,200,26
0,100,3
0,25,11
0,25,7
0,125,7
8,50,36
1,0,9
6,425,23
1,25,5
3,475,29
2,100,12
0,125,9
0,450,16
1,50,14
7,500,44
1,175,20
7,25,26
0,125,11
14,525,43
3,775,31
2,1100,16
2,600,9
1,150,19
4,350,25
2,725,27
5,150,25
0,100,7
5,825,17
8,175,44
0,450,20
0,150,2
0,25,0
2,650,15
0,175,16
12,400,42
1,50,8
3,500,26
6,600,47
6,250,10
8,725,10
0,50,20
1,0,7
1,25,10
0,175,18
1,50,9
0,50,3
0,125,4
1,250,17
0,100,18
3,100,19
1,450,17
0,150,6
5,225,8
0,325,20
0,450,36
0,275,1
3,750,34
4,500,32
3,500,19
7,575,24
1,75,10
6,850,21
0,75,2
2,100,5
3,1300,20
3,150,13
0,100,2
1,25,31
2,250,31
1,400,23
4,750,14
2,0,10
1,50,13
8,450,39
1,650,21
2,75,4
0,0,11
5,125,32
0,25,13
1,200,16
1,25,10
0,150,19
0,300,3
0,0,4
2,875,7
2,1025,41
2,300,21
1,425,32
9,575,23
2,275,23
3,550,16
1,75,12
0,25,8
1,1300,14
0,25,14
0,225,13
4,275,23
0,225,8
0,650,34
1,25,3
3,550,37
2,50,16
1,25,3
1,0,5
2,475,26
5,725,40
2,0,2
5,300,15
0,50,4
4,325,22
8,875,30
2,225,10
0,175,14
0,225,7
0,0,9
2,150,38
0,0,6
0,200,12
1,75,16
3,50,10
0,0,3
0,0,3
0,125,4
2,0,9
1,75,12
0,225,16
0,100,11
6,250,39
2,375,17
2,200,17
1,275,14
1,725,22
2,475,13
0,400,24
3,475,18
3,775,21
1,525,12
2,375,29
3,300,9
4,200,21
1,25,13
0,125,6
0,50,12
0,300,11
1,0,10
3,425,17
2,75,6
1,125,8
4,200,14
1,250,16
0,125,29
0,75,26
2,25,9
1,50,16
3,125,6
0,0,6
0,0,4
0,225,10
3,50,27
4,175,20
0,250,2
0,0,7
1,25,14
2,0,7
2,0,18
1,100,8
0,0,2
0,50,0
1,25,18
4,450,10
1,100,14
0,150,16
8,500,41
2,300,13
6,700,37
1,250,7
1,225,11
0,225,22
0,200,2
6,1050,46
0,0,9
2,1125,16
3,325,22
0,0,6
5,250,24
1,25,9
1,400,10
2,175,14
2,75,7
4,1050,26
3,425,19
2,450,16
0,225,4
0,25,10
1,125,11
1,25,19
1,225,19
2,125,33
0,0,5
1,175,24
1,100,10
0,300,16
1,0,9
0,0,4
3,150,8
4,100,26
0,0,0
1,375,13
2,75,16
2,475,14
4,475,17
3,25,8
0,450,7
0,0,4
4,150,13
4,250,19
0,425,21
10,100,27
4,50,12
4,350,33
5,300,15
2,600,27
0,25,6
1,675,10
6,275,17
4,125,13
2,600,19
2,425,23
0,175,6
0,150,10
10,1075,60
1,0,6
1,25,16
10,1025,41
1,125,16
0,200,6
1,150,9
0,150,6
3,175,24
3,150,15
2,700,25
0,125,14
0,0,4
1,0,0
1,100,11
1,275,7
3,125,29
5,1675,15
1,150,11
3,125,22
3,225,25
0,0,2
2,25,3
1,25,9
4,225,16
0,100,22
0,0,4
0,125,13
0,125,10
0,150,10
2,75,12
4,300,30
0,375,2
10,100,17
2,25,14
0,275,18
0,0,1
0,300,15
0,50,8
2,350,34
0,200,28
2,100,0
0,0,3
3,350,16
0,775,14
3,0,12
1,1100,23
2,925,4
0,0,5
4,225,26
0,325,17
1,75,12
0,0,4
4,750,52
0,125,8
10,875,22
1,100,6
3,25,4
1,150,11
10,475,14
2,250,12
0,25,12
1,475,24
0,425,9
0,25,7
4,1150,14
3,500,16
1,50,12
0,300,27
6,1375,50
0,25,4
0,0,4
0,50,11
1,25,9
3,675,22
0,175,12
2,500,28
1,100,8
2,150,10
1,200,23
1,0,11
4,300,11
0,500,5
1,0,7
3,575,35
2,250,14
3,0,13
3,475,18
5,750,34
2,25,23
7,325,23
2,75,16
0,175,1
0,200,11
0,575,17
2,0,7
1,200,15
1,150,7
3,275,38
3,250,13
0,375,11
0,225,14
0,50,21
5,250,30
6,600,22
1,0,18
0,125,4
4,75,36
0,275,6
2,25,2
3,100,19
4,25,13
5,75,14
1,200,10
7,125,20
1,125,5
1,175,10
3,175,26
2,175,16
1,575,16
0,175,14
1,75,12
1,400,14
1,300,34
1,100,3
1,25,5
2,0,5
1,250,17
0,25,4
5,625,25
2,150,20
7,350,25
0,0,8
1,300,7
5,425,23
2,100,10
0,0,10
3,375,12
1,25,6
2,0,17
0,100,15
2,250,19
1,1050,18
3,275,32
2,300,17
1,300,22
2,375,20
3,375,17
0,475,17
5,150,18
2,0,12
3,150,25
0,25,5
6,675,50
1,150,5
0,425,23
0,0,1
2,425,16
1,125,6
0,150,25
1,0,10
2,475,25
0,275,19
2,350,10
6,275,27
2,50,9
2,50,22
2,275,11
1,200,16
1,300,7
3,575,23
0,225,8
1,50,11
4,50,28
0,375,3
2,275,28
4,650,16
0,150,7
1,125,16
0,0,8
2,25,8
0,0,9
1,50,16
1,100,6
2,0,17
3,500,23
1,225,17
1,125,26
9,1100,44
4,675,16
0,175,6
1,100,23
2,25,11
0,0,7
2,450,13
10,950,36
4,275,14
0,400,10
0,0,5
1,100,4
3,1050,49
0,25,3
1,100,15
0,100,6
2,325,14
3,125,20
3,0,13
3,975,13
1,125,9
0,175,14
0,325,18
1,625,12
0,600,12
0,325,13
1,0,12
4,325,15
1,100,10
2,575,18
0,125,14
6,325,30
1,350,11
0,0,10
1,300,16
2,650,10
7,150,16
0,0,21
2,1200,18
0,0,9
3,75,18
0,0,3
1,175,31
1,25,7
1,0,4
1,75,2
3,0,11
3,625,13
3,375,9
0,100,7
4,100,29
4,25,16
3,150,16
0,75,11
1,100,7
2,25,9
3,75,29
6,1050,44
1,25,18
3,150,21
0,0,20
4,300,19
0,0,3
2,300,9
3,725,15
0,0,4
5,475,20
1,400,18
1,700,23
1,275,16
0,250,7
2,50,3
2,175,14
0,25,3
1,325,9
1,150,8
10,450,50
1,1075,16
3,125,19
7,375,20
2,250,6
1,0,24
1,25,2
2,400,29
4,150,16
1,25,3
1,0,6
0,75,7
2,25,4
1,0,7
4,925,15
5,150,27
3,350,20
0,50,3
1,675,38
3,250,34
2,200,14
0,0,2
1,400,17
0,50,10
0,0,6
1,50,21
1,75,15
3,575,30
1,175,8
0,150,13
0,50,5
7,425,42
4,175,21
2,50,10
0,75,7
0,200,23
2,0,5
3,75,19
1,1075,8
1,150,13
1,275,21
3,25,35
0,0,12
5,1000,34
0,225,3
5,125,23
1,125,15
8,1250,29
4,300,36
2,25,13
2,50,16
1,75,10
3,100,20
1,275,3
1,0,15
0,175,8
1,75,6
5,675,51
2,25,15
1,0,5
0,75,11
0,0,2
2,525,10
2,75,31
1,400,25
3,150,17
1,225,28
0,75,9
0,225,8
1,125,9
3,525,13
0,25,17
1,100,15
4,925,29
1,0,7
3,525,19
2,50,6
1,0,2
2,200,28
6,600,37
0,975,33
4,775,23
0,0,4
4,25,12
1,325,10
5,300,19
3,275,16
1,475,40
2,650,9
3,75,11
6,675,19
1,425,25
1,100,4
0,675,15
5,375,51
4,25,14
0,125,13
1,250,7
2,0,9
10,1625,63
1,175,16
3,225,18
3,325,16
2,425,18
0,325,20
1,325,14
0,250,14
0,0,12
1,325,22
1,200,11
11,1125,37
1,125,11
2,125,7
2,50,12
0,500,10
0,175,18
2,150,26
3,100,17
1,125,4
1,1000,10
1,125,7
0,325,7
2,200,20
9,25,13
1,50,8
0,0,12
3,700,20
9,75,29
4,425,22
1,100,4
7,200,18
3,675,20
1,400,20
4,375,31
3,325,6
2,75,18
4,375,20
8,300,48
3,500,12
0,200,10
1,0,10
1,75,6
2,1125,37
0,150,13
0,350,14
0,25,2
0,0,1
1,25,3
0,150,6
0,50,14
0,50,8
6,625,14
7,250,19
1,250,16
7,1150,36
0,0,4
0,0,0
0,650,6
0,25,7
0,25,14
3,250,12
0,225,4
3,0,8
2,125,25
3,825,18
1,150,10
8,250,38
1,50,8
0,0,6
1,50,8
2,275,22
1,0,13
0,25,11
1,0,6
0,25,13
1,25,5
4,125,15
4,75,18
2,500,25
0,25,1
7,325,31
3,700,15
2,150,9
0,250,18
0,0,5
2,1150,10
2,100,13
10,150,21
1,50,14
1,150,11
10,1700,64
0,125,4
2,225,11
4,375,20
1,275,10
6,750,25
11,1450,56
0,0,5
1,375,5
0,100,12
1,225,18
0,25,13
1,800,9
2,325,22
0,125,5
4,25,24
4,275,22
2,575,12
5,25,13
5,300,19
1,50,17
0,0,4
10,425,39
0,100,15
1,500,15
4,625,27
1,150,10
4,400,6
1,25,6
1,175,15
0,175,8
0,0,8
1,300,5
3,525,27
1,125,10
1,275,16
0,150,9
2,350,7
1,25,9
2,100,14
1,25,7
0,150,18
2,450,18
4,500,28
2,250,20
8,575,44
11,800,36
1,450,29
3,525,21
0,25,4
0,25,2
2,250,14
3,125,12
2,200,6
2,0,15
3,75,14
2,125,6
0,450,11
0,25,7
1,150,12
0,0,7
0,350,13
0,0,7
2,75,9
0,475,4
1,100,16
5,650,28
1,0,8
0,75,22
1,75,9
3,75,12
4,625,29
1,25,11
11,450,52
1,125,7
7,350,28
0,100,5
3,200,28
3,350,15
0,50,5
2,75,39
0,0,13
3,600,18
2,775,32
1,0,7
11,25,5
1,225,12
0,125,8
0,100,7
2,75,1
2,425,31
1,375,30
2,425,38
21,400,38
1,325,16
3,325,22
3,150,11
1,25,23
3,50,10
2,175,9
3,750,28
1,25,5
0,175,10
4,550,25
5,675,24
1,725,10
2,575,17
1,700,15
1,75,10
3,400,6
5,150,17
2,200,7
1,50,13
5,675,24
2,450,10
2,150,24
1,725,14
4,350,29
1,450,17
5,100,15
2,50,10
1,175,11
0,150,11
3,225,32
1,275,8
1,75,18
2,975,28
1,50,17
2,200,29
5,675,44
0,275,13
0,50,9
0,100,30
2,200,22
0,100,23
3,75,18
10,775,53
3,0,21
4,125,33
0,100,8
3,100,14
2,700,33
0,175,11
3,125,9
3,75,13
0,25,3
0,225,11
3,25,15
0,25,11
5,400,12
1,600,13
0,25,8
2,125,30
0,100,16
1,75,6
2,450,19
3,800,21
2,400,22
2,150,19
11,1125,42
3,350,35
4,575,16
1,275,11
2,125,9
0,0,9
3,500,53
0,50,2
0,75,12
1,0,8
4,400,28
2,0,17
2,0,2
0,0,7
1,250,21
3,25,5
0,0,3
1,250,17
1,225,14
2,50,14
3,750,27
1,325,15
2,275,13
0,0,8
8,900,32
2,125,16
1,25,19
2,375,19
1,425,15
0,0,5
2,400,19
3,850,27
2,250,11
3,125,33
5,150,13
4,650,64
0,125,4
3,350,12
6,125,22
2,50,26
0,100,17
1,25,5
6,1175,31
1,200,20
10,1200,43
1,225,24
5,1375,39
1,400,7
3,150,26
1,0,3
0,400,20
1,150,3
2,50,10
1,25,8
8,1175,100
10,875,38
2,25,8
0,225,13
1,125,16
0,25,8
7,650,21
1,150,7
1,325,16
3,1200,35
0,375,14
0,50,0
2,500,17
0,300,25
7,400,36
2,275,5
1,250,10
4,275,20
0,0,4
6,400,41
0,25,8
0,25,6
2,150,14
1,100,2
7,725,22
7,400,7
1,0,5
8,1100,27
1,175,7
0,300,12
2,350,19
0,400,8
8,1025,32
5,150,12
0,0,14
0,275,20
4,1100,43
0,75,8
1,200,29
3,300,17
0,100,10
1,650,18
2,75,9
1,50,10
1,0,10
0,275,10
2,650,28
0,50,2
2,150,14
1,150,16
0,150,13
2,25,23
2,100,2
2,375,19
3,150,33
6,550,39
9,225,21
3,250,13
1,125,21
2,0,11
4,500,31
1,175,37
0,0,0
0,0,10
9,600,29
0,75,18
4,375,17
1,350,32
3,250,26
3,0,7
10,725,30
1,75,10
0,75,7
2,650,14
1,325,18
2,25,13
1,25,8
3,325,13
5,75,11
13,25,26
1,0,11
3,575,49
2,275,26
2,125,4
1,125,4
1,1025,21
6,725,11
2,325,23
0,25,8
1,25,7
0,175,17
4,200,15
3,850,22
0,125,13
0,125,15
1,125,15
0,25,11
4,475,30
1,0,3
5,300,30
2,225,28
3,175,7
1,400,15
3,1275,44
4,1225,41
0,0,5
8,900,35
0,700,16
0,100,14
2,700,30
4,100,19
0,0,5
0,0,6
0,100,10
2,100,36
1,100,6
4,475,38
0,0,4
3,675,9
0,0,2
2,100,19
3,175,8
2,75,8
3,250,15
1,250,25
5,125,15
1,150,5
6,250,8
1,150,9
0,0,11
2,525,25
0,475,17
2,50,15
3,0,6
8,1025,66
5,275,24
2,250,12
5,550,25
8,525,35
2,775,7
2,475,28
5,500,18
2,325,24
1,350,11
1,225,7
1,350,12
1,0,1
13,325,20
2,725,19
0,175,12
0,0,9
1,25,14
0,225,24
2,525,33
0,75,3
0,50,10
1,25,6
0,75,12
2,800,9
0,0,7
2,250,8
3,150,21
1,275,5
0,50,12
2,325,12
2,525,13
1,50,7
1,125,10
0,100,13
1,25,17
3,300,10
4,600,18
1,0,4
8,450,26
5,825,18
7,400,16
1,850,33
3,225,5
3,450,4
4,600,31
0,250,18
2,50,11
0,475,17
2,250,14
4,200,17
6,1075,27
1,0,2
1,25,16
3,50,9
4,650,21
6,25,17
1,75,13
2,75,14
5,300,10
0,0,10
5,175,36
0,150,19
5,325,31
2,375,16
0,25,14
8,600,32
0,0,4
4,125,19
8,675,38
1,275,11
5,175,22
0,50,16
0,100,14
2,225,16
1,275,8
1,100,7
1,125,13
5,200,17
7,250,25
1,425,13
0,100,3
2,275,17
2,200,11
2,25,8
2,50,7
3,200,29
5,125,23
2,800,22
1,150,2
0,25,18
0,750,7
1,0,4
1,25,11
1,600,35
1,25,10
0,0,7
0,25,5
2,50,10
0,175,16
4,250,17
2,0,15
1,0,3
0,25,11
2,100,5
0,0,0
1,825,17
1,75,8
3,1075,19
1,25,12
0,0,0
4,425,30
2,125,21
0,0,1
1,175,8
1,675,21
0,0,8
1,25,8
1,200,8
2,275,25
2,500,16
1,25,8
1,1150,67
10,700,42
0,25,5
0,0,7
6,925,36
0,0,2
0,25,8
3,100,10
5,50,24
1,50,5
1,425,17
7,0,13
1,0,10
3,50,15
0,25,9
1,200,18
9,775,46
0,0,1
0,50,14
0,25,9
0,150,11
1,150,7
2,550,29
0,50,8
3,50,20
1,25,9
3,850,50
2,0,22
1,350,5
6,550,17
8,1925,53
1,250,27
3,100,28
0,0,5
3,250,13
0,125,14
0,425,18
1,400,23
4,350,29
0,0,7
0,50,3
4,1475,15
3,75,23
5,825,12
1,250,14
3,25,10
5,550,34
2,225,25
1,675,16
4,350,19
1,200,8
4,100,14
1,0,8
5,375,44
2,25,16
0,175,14
0,0,3
1,200,12
3,200,22
0,25,3
2,525,12
3,25,26
2,75,7
1,225,14
0,0,2
3,1450,44
13,875,58
15,700,37
0,250,3
1,250,5
1,25,11
2,175,34
0,175,8
1,50,11
0,75,0
0,400,19
0,25,4
1,200,12
3,75,22
0,75,7
3,75,9
2,325,20
0,175,8
3,75,4
1,275,9
5,275,10
7,50,23
0,0,10
2,425,38
2,150,9
0,125,17
3,50,5
1,350,14
2,50,27
2,100,35
4,1075,18
1,75,7
2,175,12
8,925,35
1,50,6
4,450,38
1,650,25
6,175,10
1,275,17
2,325,10
0,100,9
1,425,11
2,375,34
0,150,14
1,50,11
6,550,19
4,625,35
1,50,19
0,225,7
6,225,17
0,50,18
9,750,43
1,200,1
2,75,16
2,25,10
3,275,13
0,200,19
1,50,8
2,450,26
0,25,8
4,1625,37
1,125,19
6,650,22
1,425,20
0,325,4
3,50,36
0,25,11
6,725,46
0,225,15
0,125,5
1,50,8
1,25,4
8,225,44
0,325,21
5,25,22
4,75,15
0,0,8
10,25,11
3,475,23
6,350,20
1,125,12
1,0,7
1,0,5
1,275,16
2,150,3
0,50,7
11,425,22
0,200,5
0,225,19
0,250,19
2,800,21
6,525,16
0,250,4
1,175,11
2,475,16
4,225,29
1,100,23
2,50,11
0,0,9
4,675,32
3,175,20
0,0,4
2,325,29
1,100,10
0,150,25
3,100,11
0,0,7
4,875,21
1,275,15
5,250,37
0,225,17
2,75,5
0,0,10
2,25,13
0,25,6
1,150,4
1,175,52
1,75,5
5,150,13
0,250,4
3,400,21
0,150,20
5,475,50
0,225,4
0,0,5
2,150,10
12,675,33
0,0,8
2,75,16
0,100,11
3,50,7
1,575,27
5,375,14
15,425,38
4,700,15
0,275,21
0,2125,18
3,200,16
0,0,6
5,125,16
0,100,18
0,225,9
1,150,20
1,225,21
1,100,3
0,0,1
0,150,18
0,25,15
1,900,31
12,100,15
4,275,15
0,75,10
2,75,23
0,25,16
0,50,3
1,0,12
1,525,13
4,175,41
0,175,17
0,175,15
6,275,44
1,400,25
7,400,37
2,650,17
2,200,28
2,425,15
1,0,14
1,25,4
1,300,11
1,75,17
7,100,16
0,150,8
3,775,36
1,0,5
2,375,15
2,125,16
2,25,23
0,150,12
2,125,10
2,225,18
2,475,12
10,1075,30
3,200,28
0,25,6
0,125,9
2,275,15
0,0,6
0,150,3
1,0,10
2,550,8
0,100,11
4,275,28
2,500,9
2,100,8
3,150,15
0,150,12
4,1100,94
0,75,3
4,325,15
0,100,12
0,150,15
0,575,23
0,50,5
0,0,1
0,50,5
0,225,6
0,800,19
1,150,10
0,350,5
4,0,22
1,675,16
1,125,4
0,25,7
4,850,23
1,125,9
2,350,12
5,0,10
6,975,19
0,1000,20
1,25,3
1,125,9
3,775,27
2,25,11
1,0,5
5,500,20
4,1150,56
6,100,15
12,1750,24
0,550,36
2,125,6
2,400,20
2,275,17
3,200,9
0,25,13
1,325,10
6,325,31
2,75,44
4,325,18
0,75,17
0,225,10
0,50,8
3,200,12
0,50,3
9,450,34
3,625,13
2,125,16
2,425,34
0,100,8
2,400,11
3,75,4
0,25,2
7,100,15
2,300,29
3,600,29
5,250,17
2,50,9
1,450,37
1,325,23
0,25,2
0,350,9
2,200,28
0,0,7
0,75,12
4,475,15
0,150,12
1,25,13
5,800,33
0,50,2
0,450,22
6,1075,52
5,25,18
4,500,24
0,0,2
1,100,15
3,1100,31
0,150,19
6,750,48
0,200,9
1,375,14
6,650,33
1,575,25
1,75,14
16,2000,52
0,75,4
1,200,12
2,50,13
2,250,26
2,0,12
0,575,12
0,75,17
1,50,16
0,50,6
3,75,8
1,0,7
5,575,30
10,1025,45
1,0,5
6,175,15
8,425,34
1,200,4
3,250,23
1,0,7
6,975,35
0,25,10
7,600,32
2,850,19
1,600,10
4,925,41
1,400,17
4,375,22
4,225,20
1,175,8
0,650,31
0,100,7
0,25,12
19,725,49
2,225,8
1,225,13
1,375,8
6,50,18
4,50,6
1,300,10
4,750,24
8,275,56
0,0,0
3,650,18
0,0,10
0,0,4
0,425,14
2,675,17
3,225,11
2,125,10
1,0,8
0,0,2
0,25,9
3,450,18
3,75,14
1,300,17
0,25,3
3,50,6
0,75,5
3,375,13
3,75,30
5,250,24
0,0,5
1,75,29
0,25,4
3,425,16
4,375,18
1,200,8
4,800,42
0,75,6
1,525,25
0,100,8
3,700,19
1,50,9
3,125,27
7,550,49
4,100,17
0,0,13
3,550,28
0,150,6
1,225,12
1,625,14
0,50,11
5,1100,40
6,825,50
3,225,17
1,400,6
1,300,5
4,450,25
3,700,21
2,25,15
0,225,6
2,300,14
0,125,12
0,0,2
4,400,32
0,0,8
2,175,11
1,25,10
1,300,3
1,100,8
3,250,19
1,100,8
1,850,30
2,100,24
6,675,34
3,125,24
0,600,16
2,200,8
1,675,21
0,0,7
1,175,8
2,1250,27
2,25,5
1,200,7
4,50,16
0,0,3
4,325,34
0,0,13
3,775,25
0,100,5
2,350,16
0,775,13
13,525,73
1,50,11
0,175,4
3,300,15
4,100,22
0,0,2
0,0,5
3,75,22
2,25,17
15,225,40
1,50,11
2,100,8
5,350,43
0,25,3
0,0,3
1,0,8
3,175,13
0,75,9
0,150,3
2,150,26
3,550,34
2,225,12
4,300,8
0,25,7
3,250,33
0,0,3
1,375,11
0,25,12
3,200,11
0,100,18
2,225,13
1,50,6
1,0,3
10,725,35
8,975,40
0,50,10
2,50,21
2,225,14
2,350,12
0,425,9
1,875,33
1,75,12
1,175,5
1,0,10
1,75,8
0,225,6
1,75,9
6,150,13
7,275,31
1,1100,23
1,0,5
1,75,20
1,50,5
0,100,5
3,100,23
3,150,4
1,75,9
1,25,8
0,0,4
0,100,12
0,150,20
1,75,12
3,325,9
3,375,13
1,375,26
1,25,7
2,300,22
1,125,10
0,0,7
0,25,6
0,25,4
1,75,11
4,100,15
2,1100,26
0,0,0
0,25,10
0,125,20
1,300,7
2,200,8
2,175,14
4,400,16
0,250,9
2,50,6
5,175,14
0,75,18
1,0,12
2,700,11
0,300,19
6,100,20
0,175,3
0,125,17
0,0,2
1,300,13
0,475,16
0,0,4
1,0,7
6,325,33
0,25,11
2,75,12
1,175,16
3,275,14
3,150,8
6,75,7
0,100,5
6,450,19
11,400,33
0,75,16
1,125,22
0,275,4
1,175,9
0,25,11
0,25,2
3,300,30
2,1000,28
0,150,16
0,350,21
1,225,11
1,75,4
1,25,11
9,600,28
0,0,10
6,900,27
2,450,15
1,350,38
3,200,7
0,0,7
1,100,6
0,150,11
0,25,4
0,50,17
0,0,3
1,150,23
0,125,8
0,25,3
2,25,10
1,25,7
0,150,13
1,50,13
1,25,4
2,600,30
1,275,15
5,75,12
1,100,5
1,100,18
0,450,10
0,200,6
0,0,5
2,175,13
4,1000,24
5,1175,34
1,175,20
0,375,8
0,25,3
1,0,2
0,175,10
0,150,20
4,125,15
0,0,4
0,0,7
1,975,24
2,150,3
0,50,16
4,650,50
0,200,15
2,200,7
2,275,28
2,850,24
2,100,19
1,50,6
1,150,7
0,500,16
1,150,13
1,375,5
0,0,9
3,200,41
3,300,9
1,50,12
4,875,10
0,1350,21
2,150,22
0,625,17
5,200,26
6,800,33
1,275,34
1,0,5
4,300,27
2,250,19
0,100,6
0,50,14
0,0,7
2,325,19
2,250,11
2,150,11
2,100,8
0,200,19
1,475,15
1,450,7
4,400,9
1,100,4
0,25,9
3,50,35
0,0,3
1,325,11
2,125,20
7,1325,35
0,0,2
5,175,32
4,775,25
2,175,13
4,800,27
0,125,5
1,25,4
2,200,4
1,225,8
0,0,7
0,25,9
1,0,12
1,150,11
4,0,11
4,150,18
1,275,15
5,625,23
0,50,3
2,0,8
0,550,17
6,475,17
4,75,10
0,100,7
2,125,15
6,1250,53
1,0,9
1,175,12
2,25,19
1,325,19
6,425,43
7,575,66
1,200,13
1,25,3
0,75,18
1,150,1
7,0,18
1,150,22
12,1175,51
0,25,9
1,25,37
0,25,4
0,125,14
0,300,27
1,550,15
0,75,6
1,75,10
3,25,15
2,75,22
4,450,27
1,50,7
3,300,10
3,1225,34
0,25,4
1,525,14
6,350,28
7,500,41
3,875,17
1,750,12
4,150,14
1,275,17
7,2025,46
0,25,11
0,100,9
1,25,13
2,25,26
0,0,7
2,175,21
12,575,75
9,25,22
1,0,10
0,50,5
1,475,12
3,125,20
1,0,8
0,375,20
1,25,7
2,0,5
1,25,14
0,175,8
0,0,9
2,25,19
5,75,20
8,550,28
3,25,13
0,0,17
0,300,18
1,675,23
2,50,15
1,0,20
5,450,26
10,775,41
4,300,28
0,0,2
1,150,6
0,0,10
0,125,8
0,0,4
2,100,10
3,425,16
7,825,39
4,750,59
0,0,1
1,150,4
10,625,24
3,75,3
2,1100,39
5,650,21
1,150,5
0,150,15
2,50,23
4,325,33
1,200,9
1,25,6
1,125,29
2,225,11
0,25,3
3,100,8
4,475,27
1,0,2
0,0,2
0,125,4
1,75,12
1,100,11
1,100,13
0,25,12
4,850,40
4,125,10
3,375,15
2,175,12
0,150,5
0,0,9
3,50,44
1,125,13
0,25,16
3,175,11
1,150,13
2,400,16
4,225,25
0,150,8
1,275,16
1,100,14
0,0,10
1,250,11
3,350,20
0,75,14
0,175,2
3,525,26
1,50,7
3,275,27
2,425,24
0,0,11
1,550,15
4,200,17
1,0,15
0,25,5
3,400,28
0,0,9
2,50,9
1,25,11
0,350,16
3,375,7
0,75,8
13,325,21
5,300,6
1,125,6
4,175,8
4,200,26
1,25,17
8,850,37
0,100,7
4,25,21
3,475,28
1,125,4
3,700,30
0,225,6
1,100,10
0,75,4
1,75,12
4,250,19
1,150,13
6,1100,41
4,625,12
1,350,12
4,350,23
3,75,25
1,250,11
4,225,2
5,550,24
0,0,1
4,300,21
0,25,9
7,1325,61
1,0,10
0,50,5
8,625,52
2,425,8
1,900,7
3,400,25
4,25,15
0,150,8
3,50,13
0,0,10
7,450,16
0,75,7
0,250,7
0,325,26
2,25,7
5,550,26
6,2375,58
5,875,28
0,250,4
7,250,25
1,250,24
3,300,33
1,100,14
0,0,9
3,300,23
1,325,8
4,825,33
4,875,8
1,150,9
0,175,10
0,75,7
0,200,18
1,650,27
1,25,10
1,200,8
0,50,8
0,0,5
7,100,16
0,75,19
1,0,5
1,475,29
1,25,11
0,375,12
2,725,22
0,0,4
0,425,9
3,75,35
7,1100,34
6,250,32
0,25,7
1,325,14
4,50,15
1,0,5
3,375,19
3,0,21
1,150,2
5,0,13
3,825,12
3,125,14
9,1500,62
2,300,24
0,400,10
0,325,4
2,0,6
2,250,17
0,75,9
1,250,7
0,25,7
2,450,13
0,125,8
1,100,15
1,125,12
3,50,17
1,0,13
1,25,27
4,175,13
11,1425,75
1,400,11
12,825,32
0,125,14
2,225,22
0,25,3
1,200,23
2,275,10
0,275,6
0,25,5
2,400,15
3,975,49
0,475,15
3,450,15
0,0,17
7,1725,45
9,750,73
1,125,8
3,325,13
2,25,7
2,25,23
2,50,4
0,475,12
0,500,9
0,225,6
1,100,4
0,25,4
3,100,13
0,50,5
1,325,32
0,150,17
4,275,23
0,225,2
1,25,4
6,225,24
2,1450,28
1,800,8
0,75,26
3,450,13
3,25,17
3,75,12
0,25,4
1,450,22
0,0,6
0,200,19
1,375,13
2,125,16
1,125,17
0,350,8
5,325,18
4,750,26
0,25,3
1,0,3
3,1500,42
4,575,40
1,275,17
1,50,9
3,175,9
3,0,7
2,200,9
1,200,13
1,250,9
0,0,9
1,25,18
0,175,11
2,50,4
0,75,13
1,150,9
2,700,19
3,200,9
4,250,11
0,250,9
0,125,10
5,925,38
6,50,24
0,125,13
0,200,22
0,0,11
0,50,10
1,125,18
1,50,15
0,100,10
2,0,8
0,0,5
1,0,6
0,75,5
1,200,10
0,150,10
0,125,7
0,0,5
1,0,2
9,175,10
0,50,2
4,150,33
0,0,0
1,150,8
1,200,9
1,25,10
0,0,3
6,225,12
2,550,26
7,425,37
1,150,19
3,900,26
2,325,16
1,75,10
0,25,21
5,475,43
0,150,4
1,225,20
3,475,34
0,125,2
0,575,19
0,75,13
0,0,5
2,125,16
2,650,23
4,475,15
3,675,31
0,700,12
3,175,17
0,0,5
0,100,4
2,450,19
4,225,15
0,50,6
11,175,32
2,675,11
1,25,10
0,50,2
1,225,14
0,75,5
0,100,13
9,550,55
0,25,4
5,675,53
3,25,17
8,675,42
2,350,38
1,225,12
1,100,7
10,1075,41
1,100,12
3,300,11
5,350,18
2,175,5
0,50,0
0,0,22
6,325,15
0,25,2
1,200,28
2,375,23
1,75,18
1,150,9
1,0,9
0,0,2
3,250,21
10,1225,49
2,100,12
1,0,11
1,0,17
1,75,7
2,75,7
1,150,4
0,125,7
2,375,15
1,150,12
0,100,14
1,200,15
0,0,6
4,425,27
6,300,14
3,100,8
4,325,22
1,1625,21
3,375,10
0,175,8
1,0,14
0,25,3
2,550,12
5,375,23
0,0,7
3,375,24
0,0,9
3,125,16
1,475,9
0,25,8
5,275,16
0,0,2
3,325,36
2,125,11
0,725,11
0,500,13
5,50,21
4,1625,27
1,125,14
1,700,10
5,400,31
0,100,16
0,25,12
7,1050,59
2,25,9
0,125,18
2,400,16
0,25,3
1,150,11
0,25,6
3,175,15
0,25,1
2,500,18
0,50,8
1,100,25
3,425,13
1,300,9
1,400,5
0,150,7
1,175,28
1,150,18
0,50,6
0,25,5
2,150,16
4,500,23
1,250,12
3,125,9
0,175,6
4,150,18
2,25,15
2,225,13
1,75,25
7,50,51
6,300,13
1,150,20
2,50,11
2,175,9
4,375,11
1,100,3
5,600,28
0,0,3
2,275,34
3,375,54
6,450,50
1,600,11
0,175,11
1,250,19
1,250,11
1,350,18
0,50,3
4,425,18
2,150,8
6,825,28
0,625,9
1,225,8
1,75,16
0,75,11
0,100,7
2,150,18
1,25,2
0,0,23
4,650,26
9,625,46
0,200,26
0,75,3
0,50,3
0,100,12
5,850,36
7,500,27
0,125,7
1,350,20
6,300,32
1,425,18
2,200,3
5,275,10
2,250,16
3,225,39
1,100,13
3,900,31
0,225,11
0,100,4
1,100,5
5,975,34
5,250,13
2,100,18
0,75,12
3,75,12
6,450,27
1,625,15
0,50,6
0,475,10
1,550,21
0,225,6
1,200,20
6,1025,32
3,225,22
0,75,11
3,825,34
2,125,15
5,200,21
2,1250,53
0,225,20
0,450,24
4,125,13
0,300,13
0,300,26
0,0,5
0,0,11
3,650,17
1,50,13
0,25,4
1,275,11
1,450,29
0,0,9
2,0,11
5,150,24
2,250,4
2,75,5
1,0,8
8,725,58
2,25,18
1,50,11
0,400,11
3,225,31
0,25,11
1,300,34
0,600,29
7,600,31
5,1950,23
2,425,35
2,675,14
5,50,30
5,600,32
4,125,11
0,125,3
1,25,12
0,125,7
2,525,44
1,0,5
2,150,24
2,150,11
0,550,14
1,325,12
1,0,8
0,225,7
0,775,9
0,25,7
0,150,7
0,0,4
0,0,2
2,200,10
0,50,9
0,325,19
2,200,23
1,300,16
2,700,31
3,325,41
2,225,25
0,150,8
7,225,28
5,275,43
6,650,39
2,75,12
8,400,18
5,550,35
2,200,18
1,75,15
0,125,4
7,1075,16
1,250,19
1,250,17
1,100,16
0,25,9
5,75,29
0,175,20
1,275,5
1,1000,14
1,125,12
2,200,19
1,325,14
2,250,19
0,0,1
3,175,17
1,200,19
1,575,30
1,125,12
0,25,6
0,100,13
0,200,7
1,125,11
0,0,5
1,250,13
0,25,16
2,200,7
4,575,48
1,200,12
1,125,15
1,975,16
0,25,6
1,50,15
2,25,2
0,0,5
1,0,10
5,150,12
1,575,21
1,225,13
4,500,8
1,0,4
2,275,15
1,200,15
3,525,12
2,150,16
2,125,19
2,225,19
1,25,8
0,225,11
2,50,8
1,425,20
3,125,15
1,25,2
5,100,15
1,50,3
9,850,49
7,550,25
0,250,10
2,25,3
1,0,8
1,250,10
0,125,10
0,0,9
4,250,19
6,375,25
0,75,6
1,25,5
0,150,3
10,825,27
0,25,8
0,125,15
1,100,13
1,25,7
1,125,15
1,150,25
1,75,12
10,675,59
0,25,5
3,200,24
0,0,5
0,0,10
6,750,15
2,150,27
1,500,5
3,200,22
1,50,8
0,425,26
1,200,10
2,225,6
2,25,24
2,75,21
1,150,12
1,325,10
0,50,8
1,25,18
2,175,13
2,50,16
2,200,6
5,600,18
0,625,10
1,25,8
1,350,5
0,25,8
1,75,7
9,500,27
0,50,7
4,225,26
7,325,35
0,0,8
3,50,18
8,50,35
0,25,8
4,350,23
0,0,0
2,125,12
1,100,3
3,375,21
2,150,5
1,125,13
7,650,30
2,0,8
1,700,27
0,25,7
1,200,18
2,1225,26
5,750,35
1,425,19
0,0,4
0,225,18
0,0,3
3,200,34
2,0,15
1,150,13
9,425,39
1,525,26
0,100,11
2,0,6
0,50,16
0,25,6
1,450,20
1,150,27
5,1300,31
1,250,5
0,200,14
1,25,4
1,25,12
0,0,0
0,75,10
0,25,22
2,250,24
0,0,3
1,75,13
3,75,22
3,675,30
0,25,6
8,650,33
2,200,9
0,0,2
1,125,13
1,0,12
8,75,13
3,175,21
1,250,21
2,150,22
1,100,9
0,200,4
1,200,12
0,275,7
5,925,46
3,450,15
1,350,18
1,200,19
0,125,7
4,700,23
0,75,11
2,375,27
2,175,8
1,775,40
2,175,6
0,175,23
1,100,11
3,150,18
0,25,4
1,950,28
0,525,14
4,75,13
0,125,13
7,975,17
3,400,17
1,75,6
1,25,5
0,25,14
0,275,11
2,675,22
3,125,18
0,125,2
1,650,21
1,725,5
0,200,12
0,25,11
0,75,2
3,50,12
3,175,19
0,75,3
6,225,18
0,25,8
1,150,10
1,475,19
5,575,27
5,1000,25
0,50,10
3,600,27
0,125,7
3,1100,18
0,275,17
0,0,20
5,275,24
1,125,5
2,350,9
0,125,4
3,675,11
1,25,10
0,450,20
6,275,30
2,325,20
4,125,15
0,150,4
1,150,9
1,350,29
1,25,4
2,500,36
0,175,3
1,50,12
0,0,6
3,300,9
8,325,35
5,275,16
0,100,9
0,150,20
0,0,14
5,75,18
2,225,25
9,975,35
2,700,11
2,475,27
1,375,28
1,0,19
1,0,6
3,100,14
0,0,4
1,250,8
1,200,10
0,150,8
1,0,7
1,1150,21
2,50,12
1,425,6
0,100,10
1,500,10
1,150,11
2,100,15
2,850,18
1,700,22
11,100,7
0,100,7
0,125,13
2,525,25
1,575,36
2,375,13
4,25,28
3,50,16
0,125,12
2,0,6
2,325,16
6,725,22
0,275,9
3,150,18
6,0,24
0,50,10
0,0,15
0,250,5
0,0,4
3,250,24
1,75,5
7,275,26
2,625,24
6,750,23
0,0,5
7,325,33
1,75,8
1,150,5
1,125,7
3,400,11
0,400,13
0,0,0
0,0,3
3,450,33
3,275,17
10,450,55
8,150,27
2,125,6
0,150,14
6,625,30
2,100,8
2,100,14
4,850,15
6,175,24
7,300,18
1,0,5
0,200,2
1,300,12
0,0,7
1,150,9
4,300,22
1,125,9
0,25,6
1,275,11
1,0,4
1,125,8
1,500,22
0,25,5
1,150,11
3,400,19
0,25,10
4,150,24
2,375,4
1,375,18
5,675,30
4,50,18
0,100,5
2,50,7
1,875,25
0,75,8
1,0,6
0,550,11
1,625,11
2,125,9
2,25,19
3,575,22
0,200,7
0,0,5
1,50,4
3,600,16
3,0,11
4,750,31
5,250,27
0,25,13
0,150,11
0,25,3
0,50,9
1,0,2
2,625,24
1,75,24
4,925,41
1,600,8
0,50,12
4,100,22
4,900,26
0,25,3
4,175,15
2,25,10
1,200,15
2,350,21
3,725,35
1,150,11
0,25,6
1,75,6
4,550,21
0,225,16
0,0,9
2,150,6
0,25,5
2,75,9
2,325,25
1,0,10
1,525,20
1,25,10
8,600,21
2,275,10
10,225,30
1,0,4
4,325,22
7,250,30
0,75,8
4,875,11
7,775,37
8,325,28
2,650,4
3,375,28
1,25,10
2,225,12
3,150,25
1,25,10
2,275,17
0,50,6
1,200,25
0,75,10
2,225,23
3,725,12
1,0,7
4,250,31
0,0,14
3,700,31
2,100,11
0,25,6
4,200,24
0,25,3
6,375,18
8,250,21
5,50,23
4,475,19
0,300,12
4,250,18
2,25,16
2,0,14
0,75,14
0,75,11
4,650,12
1,300,15
3,125,9
3,300,28
1,25,4
1,0,12
4,300,32
0,600,10
1,350,9
0,225,7
3,400,14
0,1000,17
0,0,2
1,250,9
1,325,10
1,425,15
4,575,13
1,375,17
1,575,14
7,1000,11
0,150,11
2,0,4
2,50,8
2,200,9
7,425,33
1,25,23
0,150,5
0,175,14
9,325,42
0,175,13
2,250,23
4,450,22
3,400,14
1,700,10
3,575,21
2,375,10
0,150,15
1,125,4
0,425,2
1,25,14
0,225,4
1,125,21
0,300,17
1,200,27
3,200,6
1,0,10
2,650,36
9,1025,46
0,50,13
1,275,13
1,525,15
2,400,24
1,0,10
1,25,8
0,0,5
0,25,13
0,100,6
1,75,6
2,225,8
1,150,10
1,375,16
2,650,13
1,250,14
1,25,13
10,225,20
1,25,7
3,125,14
1,350,10
1,450,29
1,300,18
0,0,14
3,700,35
1,25,4
0,475,5
2,75,4
0,225,15
1,200,7
0,25,7
3,125,11
0,175,26
1,50,8
0,200,12
2,425,17
2,75,13
0,50,13
0,25,3
2,25,3
0,25,9
2,100,12
1,0,2
2,25,7
0,75,8
2,1400,29
4,225,16
0,75,8
0,50,8
0,125,1
4,975,30
0,100,14
0,50,17
4,650,24
0,250,3
2,275,19
0,275,28
0,50,5
4,400,30
2,75,6
2,450,27
3,225,26
0,100,15
0,225,14
8,100,33
0,0,8
1,75,17
1,325,10
10,1525,75
5,100,16
6,400,37
0,150,14
0,25,25
2,100,15
1,300,22
6,0,8
2,225,13
2,275,18
5,225,23
4,525,22
3,525,18
0,25,7
0,500,8
2,350,11
2,650,10
9,1300,31
3,675,55
2,325,35
2,125,5
4,275,11
1,25,16
4,475,38
0,575,15
5,1700,21
0,150,5
3,575,22
2,325,6
1,0,8
4,50,17
1,225,12
3,525,23
1,0,7
5,250,12
1,200,14
1,25,4
1,75,7
3,300,19
0,0,8
3,125,21
5,100,32
1,25,6
3,650,26
2,75,11
0,1500,15
2,300,26
1,175,22
2,200,14
1,425,26
0,400,25
3,250,21
2,325,14
0,125,7
2,25,8
0,0,4
2,150,8
1,0,9
1,250,30
1,125,11
0,125,14
2,225,23
2,600,18
0,100,7
0,450,21
4,1275,33
0,50,3
0,125,10
2,275,16
3,25,16
0,150,3
1,325,12
2,450,22
1,350,15
0,375,18
3,150,8
1,100,15
1,0,11
1,75,1
0,500,6
1,150,14
2,175,13
1,75,9
3,25,16
2,975,39
1,250,13
1,125,9
1,25,9
4,1100,41
3,350,23
0,200,13
1,425,14
2,300,21
2,125,12
2,25,4
0,75,43
3,100,18
1,675,14
11,1275,77
0,0,2
0,175,5
5,400,23
0,75,25
0,0,24
0,475,16
0,1575,14
0,0,10
1,0,9
9,425,50
2,25,5
6,625,37
0,275,10
1,0,8
2,600,32
3,625,18
0,0,12
0,0,3
1,800,30
1,325,16
0,0,9
3,525,27
0,100,4
1,75,17
2,225,9
4,175,27
1,0,5
3,450,21
2,425,14
1,625,16
2,1575,42
0,150,5
7,925,32
2,575,37
9,275,27
1,100,1
0,50,10
0,25,1
1,100,4
5,575,12
0,100,8
1,100,19
0,25,13
1,900,21
1,0,13
2,250,7
1,225,24
0,350,2
1,25,13
2,225,23
1,125,15
0,175,10
0,50,11
3,225,20
1,475,21
0,25,12
4,75,13
0,75,7
2,75,15
2,150,10
1,75,19
1,325,9
1,225,13
1,200,6
0,250,2
2,550,17
1,75,15
2,475,39
4,800,25
0,0,6
2,300,15
2,175,11
2,300,19
3,50,22
5,800,24
2,325,42
2,150,11
0,0,17
1,500,15
1,75,20
1,75,8
2,150,27
2,150,9
1,225,10
0,450,30
0,50,5
8,325,57
0,75,15
0,0,5
2,300,12
0,25,11
2,125,6
1,400,33
0,0,17
0,100,22
1,0,14
2,125,13
1,275,9
1,200,27
5,525,19
0,125,11
1,500,32
3,125,13
1,0,2
0,375,13
0,50,4
3,525,21
0,0,6
0,600,19
1,50,13
0,100,15
2,100,11
2,25,2
5,250,19
3,275,10
8,1275,76
5,750,38
0,50,7
4,325,15
4,225,11
4,150,41
2,175,21
1,125,15
3,1000,33
0,75,6
1,0,16
1,0,9
5,425,5
0,0,5
0,175,7
8,425,23
7,1000,26
2,275,5
1,450,8
2,300,25
3,750,23
1,0,14
0,0,5
0,575,26
0,125,17
2,200,35
4,100,21
2,700,34
2,75,18
0,250,24
2,25,8
0,100,8
0,175,19
0,0,1
2,75,15
1,350,17
4,225,22
3,0,21
2,250,25
5,250,8
3,75,17
1,25,4
8,575,51
0,25,9
0,25,14
6,600,23
1,175,11
1,75,7
0,725,44
0,0,4
0,325,11
1,550,18
3,525,38
0,150,12
1,225,5
1,1075,19
3,350,11
7,325,14
1,50,4
0,100,5
0,100,12
1,75,5
4,775,19
0,475,18
1,950,37
0,0,5
2,50,6
1,125,8
1,0,3
2,675,53
1,300,7
4,450,18
0,0,12
1,25,5
0,125,5
3,175,23
0,550,13
0,25,4
0,125,16
2,100,9
2,275,15
1,25,5
1,25,8
1,125,9
1,150,2
1,50,3
6,425,15
2,175,15
2,100,26
0,25,13
8,950,55
2,125,7
1,275,11
4,1275,26
3,375,12
0,125,8
4,100,21
1,500,17
2,250,10
0,425,19
3,250,20
5,800,30
0,125,13
7,475,15
0,75,12
0,0,1
0,475,8
2,200,9
2,175,9
1,350,19
8,675,54
3,375,26
4,550,25
2,25,15
0,100,9
1,225,17
5,900,33
1,125,8
0,375,11
0,50,5
1,200,10
0,75,8
1,0,8
0,200,17
3,225,16
0,125,15
1,50,17
1,175,10
0,0,13
0,0,12
0,50,4
2,275,22
0,375,20
2,75,19
1,225,2
2,450,17
10,1025,59
0,225,7
1,25,6
1,0,11
7,100,32
3,300,26
1,75,12
3,675,12
3,75,14
2,150,16
1,125,14
0,0,0
0,75,4
2,475,13
2,75,3
2,100,8
7,950,29
0,0,6
1,325,19
4,400,35
2,650,37
10,575,23
4,700,23
0,150,7
0,100,2
13,1600,64
1,250,6
1,300,16
6,650,51
0,150,8
1,100,8
5,75,21
3,300,18
2,225,25
1,25,20
0,75,6
3,675,13
0,25,7
2,1250,51
3,275,16
0,125,5
1,125,15
0,100,8
0,50,8
1,0,10
2,75,8
1,250,5
6,550,23
1,0,6
0,325,13
1,0,5
5,400,35
5,200,34
2,50,29
0,150,8
2,325,20
4,1050,25
0,25,4
6,300,14
2,675,31
3,675,35
4,300,19
2,150,8
2,225,17
1,150,14
6,2050,52
0,175,25
2,625,42
1,25,14
1,25,9
3,225,13
3,25,2
3,250,35
0,100,12
0,25,8
6,775,21
2,300,15
2,350,22
1,0,9
0,50,6
1,150,10
2,150,9
0,0,4
0,50,16
5,75,21
1,750,19
6,200,24
7,475,18
3,0,8
0,50,10
3,450,31
6,0,15
1,100,11
1,100,9
1,25,33
4,100,18
0,0,4
2,50,14
0,25,17
3,1000,31
2,75,6
0,100,16
5,725,41
7,400,27
0,0,7
1,300,21
3,600,18
1,25,7
0,125,9
1,625,9
2,175,51
0,0,7
0,400,20
4,350,14
4,300,44
1,50,21
7,675,21
1,75,14
0,125,8
0,150,9
1,500,6
1,0,20
2,225,20
6,475,27
0,75,9
1,50,13
6,800,24
1,150,14
0,25,7
2,325,19
0,225,19
0,0,20
6,100,13
2,175,15
1,0,5
2,0,7
5,50,8
6,350,29
0,0,8
0,0,12
2,150,14
0,50,13
3,100,10
1,325,24
1,200,7
1,75,9
2,50,11
0,550,15
1,75,2
1,50,18
0,0,3
0,75,11
1,25,11
1,25,17
23,925,70
1,25,12
5,50,18
2,175,32
5,500,28
0,0,9
1,75,3
2,75,22
1,100,6
2,75,11
0,50,9
3,475,30
3,0,11
3,125,6
6,150,36
2,625,22
0,100,7
1,425,8
4,275,16
10,800,35
2,150,22
5,75,15
4,450,36
2,125,11
1,800,15
1,475,33
0,50,14
0,75,10
2,900,24
1,0,5
1,575,19
8,1975,30
1,350,3
0,175,9
2,200,10
3,0,17
0,50,9
2,25,4
1,125,16
1,75,16
0,350,36
0,175,8
2,50,7
2,0,5
1,225,11
0,0,10
1,275,12
0,250,4
2,375,24
0,25,6
0,300,17
0,325,10
3,50,13
0,225,13
0,25,13
1,75,10
2,350,24
0,125,13
0,125,18
2,625,17
2,100,8
2,475,11
1,175,8
0,25,10
0,0,2
0,0,2
0,150,10
0,375,8
1,0,7
0,25,25
2,275,18
1,1250,31
1,25,4
2,450,8
3,400,17
0,50,6
0,0,4
0,100,12
0,225,12
1,25,13
1,100,2
2,450,22
0,0,2
1,25,8
4,175,23
2,0,9
0,75,15
0,0,3
0,75,12
2,400,6
3,175,20
1,175,3
2,200,7
5,700,30
2,0,11
3,75,14
3,600,26
2,25,9
2,375,15
2,350,13
2,150,6
1,0,5
2,825,33
0,75,4
0,200,5
4,150,5
6,475,35
1,150,13
10,850,30
4,975,19
3,1125,24
2,250,22
1,25,12
2,150,17
2,150,31
0,25,2
4,375,23
4,375,18
0,75,15
0,425,6
0,125,17
2,125,21
6,375,41
1,0,22
1,0,5
6,375,15
1,125,6
0,25,10
0,25,2
1,575,31
0,450,12
1,250,13
1,0,24
1,50,4
0,300,5
4,475,37
0,125,7
2,375,27
1,0,27
0,875,9
2,250,11
3,75,13
0,800,27
0,25,8
8,75,15
1,200,13
2,775,22
0,25,3
5,850,41
3,650,7
7,275,26
2,800,15
2,225,12
5,700,13
1,200,13
4,500,22
4,1125,40
4,250,11
2,75,21
3,700,26
0,150,14
2,75,8
1,25,8
0,475,11
0,250,16
0,225,6
2,175,16
0,150,6
0,75,3
1,25,5
2,600,32
0,25,4
1,950,18
2,25,12
1,375,16
1,50,6
0,225,7
2,275,18
1,450,24
3,0,16
0,25,6
0,75,6
0,25,8
2,125,16
4,1025,12
8,800,42
2,325,20
1,375,12
8,1050,39
1,125,8
5,300,17
6,400,8
0,175,11
0,275,16
0,25,5
11,500,36
0,250,8
1,75,11
0,100,23
3,650,27
2,150,17
7,100,8
1,50,7
1,100,15
1,175,5
0,50,8
1,200,20
0,25,4
3,450,19
1,75,18
0,25,11
0,50,4
1,650,16
0,50,14
1,450,9
5,250,15
0,325,12
2,25,10
10,625,53
1,725,30
0,25,5
0,0,3
1,225,16
0,125,14
0,0,9
2,450,31
3,250,16
4,175,24
0,75,4
1,50,6
0,350,14
1,200,6
2,25,20
1,125,16
1,0,12
0,0,4
3,550,41
2,0,6
2,75,25
1,100,21
0,75,5
2,25,23
0,250,3
3,750,42
6,0,8
0,0,7
8,125,12
4,1050,27
1,200,17
0,200,21
2,100,21
0,75,12
1,500,12
1,250,16
0,50,14
0,200,4
0,0,4
8,875,25
1,325,6
7,425,42
0,0,6
6,775,43
1,700,13
0,0,1
1,100,16
2,150,4
2,275,5
5,375,26
0,0,23
3,2675,25
1,250,13
0,25,4
3,300,16
3,125,7
2,100,5
4,25,37
0,0,4
1,275,8
2,200,16
1,50,13
1,0,5
2,125,20
11,1600,50
2,300,28
2,125,16
0,125,8
1,25,6
0,450,32
2,425,5
0,0,3
1,100,13
1,475,4
1,75,11
0,0,17
1,450,10
1,150,12
1,100,5
0,25,3
2,150,10
3,1025,24
4,250,16
2,375,10
0,100,0
1,550,28
2,850,40
1,175,9
1,325,8
4,550,16
0,75,5
7,625,25
5,250,27
1,850,32
0,25,11
1,50,8
1,225,10
0,0,2
1,350,11
0,0,10
1,250,11
3,275,17
0,0,2
4,425,15
2,0,12
1,0,18
2,325,20
1,25,15
3,75,12
0,0,6
2,200,21
1,150,20
2,25,21
4,75,10
2,200,6
4,25,16
1,125,14
0,75,8
3,450,14
1,50,14
1,175,21
4,600,13
4,175,16
0,75,4
0,100,3
1,200,8
3,175,18
3,825,29
1,150,8
1,25,9
0,25,4
1,375,13
1,25,15
3,325,9
1,175,29
1,25,10
2,1775,14
2,325,33
1,150,1
1,250,8
4,450,33
0,475,6
2,425,9
0,375,16
0,0,6
2,825,37
0,100,10
1,125,18
2,600,36
0,0,6
5,300,15
4,425,21
1,175,10
4,800,24
1,225,9
3,350,22
0,50,7
0,125,10
1,0,4
0,50,19
2,75,18
5,25,18
11,675,27
0,575,12
0,0,5
1,125,14
1,0,8
1,0,11
0,0,3
6,150,16
1,25,10
0,50,6
1,0,11
0,775,13
0,100,3
4,350,15
0,150,14
2,150,3
2,350,11
0,350,21
4,725,30
1,75,6
6,100,30
3,225,17
0,50,6
2,625,18
1,100,8
0,175,14
5,25,9
2,175,10
5,725,39
0,150,8
0,100,6
1,425,19
5,200,17
2,300,22
0,250,9
1,100,7
1,175,15
1,650,22
2,0,14
2,175,10
0,50,3
5,475,22
0,375,12
2,50,7
1,350,18
2,300,15
0,50,4
2,0,16
1,350,9
1,725,16
0,150,10
4,325,35
0,275,9
0,200,11
1,125,13
0,375,23
2,850,22
6,775,29
0,0,3
0,0,9
1,25,11
1,25,11
2,25,18
0,175,18
1,0,9
4,325,10
1,950,18
3,475,29
0,75,11
8,775,25
1,0,14
9,825,42
12,2300,107
1,25,11
1,425,24
0,100,24
1,225,12
3,125,32
0,25,6
0,575,17
0,0,2
2,100,13
0,350,14
4,450,16
1,50,22
1,175,30
1,0,4
11,550,27
1,175,11
3,425,21
1,25,7
1,275,12
0,0,0
1,350,27
0,75,8
1,850,14
9,625,25
6,600,38
0,25,6
1,25,13
0,300,10
2,0,13
3,325,26
1,225,10
1,0,14
0,50,2
0,75,8
0,725,8
1,200,18
2,325,16
0,500,16
5,550,6
2,350,12
0,275,11
1,125,7
3,225,9
1,125,35
0,50,13
1,0,5
2,675,36
0,0,10
2,700,18
1,700,7
2,325,8
0,50,16
2,75,22
0,0,6
0,200,5
0,275,28
0,0,11
2,400,20
0,50,17
2,25,10
2,75,16
1,0,5
0,300,7
1,125,2
3,25,26
6,425,12
2,25,14
0,200,20
0,850,23
0,75,6
0,50,8
3,350,10
0,25,9
0,150,2
1,275,10
6,700,26
0,75,1
0,50,10
2,250,25
1,75,12
0,100,12
4,625,49
1,550,11
1,125,9
0,0,11
2,175,22
1,275,13
0,50,11
0,175,16
3,75,15
0,150,9
0,200,15
1,50,6
5,200,26
0,25,14
5,650,63
1,25,8
1,200,17
4,200,35
0,50,2
0,175,12
1,500,19
0,125,6
1,425,12
4,175,14
2,150,22
3,775,12
4,425,11
3,275,26
1,150,15
1,0,15
0,0,3
0,0,2
0,0,12
2,50,11
0,0,5
3,975,26
4,350,25
0,50,7
0,0,6
0,200,19
1,0,13
2,300,21
4,400,20
0,150,16
0,175,17
4,225,23
6,425,19
1,250,45
1,275,26
3,950,4
2,50,7
1,200,27
1,200,19
0,0,11
0,75,6
1,100,14
6,325,33
8,575,31
3,200,28
1,125,17
2,75,15
3,975,41
3,225,38
2,350,22
0,150,8
2,50,5
4,600,15
3,600,38
1,50,5
0,225,17
0,125,24
0,350,32
1,50,17
4,150,29
1,150,10
2,600,26
2,50,5
1,150,15
6,275,13
0,25,4
3,300,26
2,400,21
0,675,26
2,25,17
2,125,13
4,75,22
2,75,8
0,50,14
3,175,16
1,1000,23
7,275,36
2,400,14
6,525,23
0,150,8
3,250,10
9,300,41
1,25,5
1,375,20
0,375,13
2,150,14
0,525,11
4,500,16
7,1325,62
6,1175,17
0,0,1
0,0,6
11,1400,47
0,175,8
1,450,8
0,600,13
1,25,7
6,350,33
1,550,18
0,25,8
0,75,14
0,175,12
8,325,15
3,150,16
5,1925,37
7,975,25
7,350,43
1,200,10
1,100,2
0,0,4
2,1300,14
1,150,13
0,0,3
0,325,8
0,0,7
0,250,13
4,875,24
3,700,19
1,25,16
2,50,10
1,25,4
0,225,8
0,25,5
2,325,20
2,50,16
0,275,15
0,25,21
3,175,12
2,275,16
1,425,11
0,125,20
4,250,15
2,125,11
2,0,6
1,25,17
7,150,23
3,425,45
0,225,5
8,875,23
0,200,17
0,150,2
0,25,10
2,475,32
9,425,18
2,500,11
2,150,24
0,0,4
5,125,28
3,125,17
1,250,9
2,100,10
5,175,51
1,200,22
1,225,19
1,0,21
5,300,31
3,100,24
4,175,14
0,50,10
10,150,24
0,25,7
1,50,18
5,500,52
0,150,25
1,25,7
9,75,27
1,25,13
0,75,18
5,825,38
4,1250,60
1,100,32
1,0,13
1,0,8
0,0,3
7,350,21
2,650,21
0,25,14
4,550,29
3,100,28
3,325,21
2,125,13
1,175,5
0,500,5
1,200,18
0,0,2
1,0,7
1,175,19
1,600,14
1,175,6
2,100,13
1,375,27
4,50,14
4,1125,37
3,25,8
2,275,17
5,900,19
2,0,8
4,1275,50
4,475,21
4,175,51
0,50,2
2,250,19
2,50,11
1,375,12
1,200,11
5,275,14
0,175,2
0,175,3
5,775,20
1,450,18
2,150,18
0,300,13
1,175,18
2,600,12
1,25,8
3,125,22
1,25,9
2,125,18
12,575,46
1,50,6
0,25,9
1,225,14
0,25,21
0,50,18
0,150,13
0,225,27
1,600,23
1,150,2
4,300,19
0,100,16
10,75,16
1,550,11
8,150,45
6,0,18
0,350,10
2,250,11
1,1300,15
1,750,18
1,100,7
12,75,19
1,0,5
0,1250,21
7,1075,20
0,25,4
0,0,1
0,475,10
4,400,13
1,375,18
0,0,11
1,100,12
0,25,11
7,425,12
1,125,11
8,625,22
0,100,7
2,975,22
2,200,14
3,75,13
1,0,9
1,250,13
7,75,20
0,200,15
1,525,10
0,175,10
3,400,27
2,100,12
4,825,35
5,325,10
3,600,22
0,0,1
1,100,12
1,225,21
2,400,18
0,0,4
0,75,3
1,0,7
5,1025,56
4,75,26
9,600,25
1,50,12
1,25,11
3,500,50
2,350,19
3,350,15
1,150,22
2,50,18
0,375,11
6,450,38
0,450,19
2,350,23
1,25,5
1,150,18
2,250,8
0,0,9
2,225,23
4,75,10
0,100,8
2,525,25
1,0,4
1,250,16
2,0,11
2,200,13
2,600,57
3,150,11
3,625,17
5,525,10
1,225,12
1,200,11
1,0,12
0,100,8
4,200,21
1,50,11
1,25,6
0,25,11
1,625,39
0,100,6
9,500,25
1,675,15
0,75,3
3,200,20
1,175,15
0,175,9
2,250,15
3,300,38
0,25,10
7,350,17
1,725,21
0,200,16
0,0,8
2,100,14
4,75,29
12,1100,45
3,0,0
1,125,23
2,50,3
3,200,6
3,325,25
0,75,8
5,250,30
3,775,16
0,200,10
7,25,33
0,25,5
4,50,8
1,100,16
1,550,35
1,600,27
2,50,30
1,0,4
0,275,27
1,100,27
17,1350,86
2,100,16
1,150,9
5,425,31
0,0,1
1,50,10
1,125,14
0,200,5
0,25,7
2,225,31
1,275,14
0,150,10
1,350,14
1,75,3
4,25,24
0,0,8
2,100,29
0,200,7
5,325,23
1,525,15
1,700,19
4,825,14
1,425,32
2,450,32
0,400,17
0,600,25
5,625,24
2,200,6
2,250,22
1,0,2
1,100,13
1,225,12
1,175,16
0,650,2
5,100,23
2,0,6
0,100,12
0,125,15
3,325,13
0,600,5
1,75,1
6,550,45
3,625,39
2,850,12
0,150,21
3,1525,48
0,50,5
1,0,7
4,450,15
1,50,4
0,125,14
1,375,26
3,175,10
7,475,21
2,100,12
1,75,12
1,100,20
4,450,10
1,350,26
3,600,13
3,375,21
1,300,10
3,125,20
0,125,18
1,250,15
1,25,1
4,800,27
3,300,29
4,225,9
3,150,9
2,275,41
5,525,6
0,75,10
3,825,16
2,75,14
1,175,20
7,0,10
5,150,19
3,75,14
0,0,6
1,25,10
3,275,14
0,50,16
10,925,44
0,125,18
0,0,2
0,0,7
0,25,3
0,300,23
6,1050,44
2,2325,34
3,1000,37
4,175,38
1,200,22
0,175,18
3,425,29
3,325,14
0,175,2
0,125,3
1,75,15
1,50,11
1,125,12
2,150,13
0,0,6
3,275,17
0,0,1
0,75,9
2,75,36
1,50,9
0,0,4
0,125,25
7,475,11
4,550,12
2,300,12
2,175,12
3,575,33
0,0,1
1,200,14
0,125,7
6,275,37
2,75,13
1,1200,21
0,0,0
0,200,12
0,0,6
2,100,9
0,25,6
4,475,14
6,225,43
2,225,20
0,150,14
0,0,7
0,725,35
6,950,22
0,0,2
0,150,12
1,25,14
5,625,31
1,225,8
1,300,6
2,75,13
0,200,12
2,200,22
4,25,9
2,400,11
2,475,24
1,50,1
0,175,9
3,475,18
3,275,6
5,525,28
2,150,14
0,0,5
1,100,15
1,200,15
0,0,10
1,50,10
0,50,4
0,0,9
1,525,8
7,1025,67
5,1150,48
2,25,7
1,675,11
1,175,13
0,25,8
0,100,0
1,50,9
2,400,16
1,450,15
0,0,1
1,25,12
3,250,43
0,0,6
0,200,24
3,100,6
6,25,15
1,475,10
1,725,26
2,225,8
2,150,9
5,100,27
6,75,39
0,50,5
0,300,3
7,25,19
0,400,19
3,450,30
3,775,33
1,0,6
4,200,19
11,925,46
4,550,28
1,600,20
0,125,3
0,75,2
0,75,4
1,50,11
5,375,6
5,525,29
0,0,7
16,575,54
0,125,11
2,150,19
5,100,9
3,250,25
1,325,16
0,325,23
0,400,5
0,0,1
0,25,15
4,1100,18
1,225,32
0,0,4
2,350,17
0,200,10
5,150,8
1,600,11
3,175,25
4,550,40
0,100,8
1,50,11
4,500,19
0,150,5
1,75,11
5,700,19
6,225,23
0,50,3
2,0,17
3,575,25
2,625,31
4,675,27
1,525,8
1,400,17
0,25,4
3,325,13
5,525,42
5,325,13
0,150,21
5,625,15
0,0,5
0,600,16
2,225,7
8,1300,44
0,250,2
0,25,5
3,200,16
0,475,24
3,450,30
0,350,13
2,550,8
2,0,3
3,100,7
5,0,18
4,0,12
1,200,11
4,175,17
1,25,13
2,275,38
2,450,27
2,150,17
0,300,15
8,175,26
0,400,5
4,250,16
1,50,12
7,825,33
4,100,10
3,225,15
1,0,11
1,1275,23
2,350,13
0,25,6
3,550,16
2,375,17
0,50,9
2,225,8
0,250,5
0,0,3
9,475,28
2,275,36
3,1025,18
1,225,7
3,525,28
1,425,12
2,125,11
1,225,20
1,0,6
2,50,17
1,25,9
4,100,25
1,175,12
7,850,30
2,425,19
0,50,18
2,250,5
2,350,13
1,175,26
2,100,3
1,150,8
0,150,7
1,400,21
0,150,12
2,600,15
1,275,17
3,275,18
2,250,8
3,500,15
2,400,12
0,0,9
2,0,7
6,825,22
1,50,15
5,1100,13
1,25,10
0,0,4
3,225,13
5,125,20
1,250,17
2,100,23
5,350,24
1,0,9
1,0,2
1,25,14
1,250,4
0,250,17
5,250,19
1,50,11
2,175,14
0,25,15
4,125,28
4,375,18
8,50,14
3,225,21
0,75,20
1,0,11
1,425,10
4,925,23
4,0,19
1,250,12
7,1575,43
1,0,0
2,175,12
0,25,12
3,75,11
0,25,3
2,1275,26
1,25,17
1,150,29
1,950,12
7,150,14
3,475,18
3,200,16
0,150,20
2,25,7
3,150,13
2,750,13
0,25,8
2,125,19
1,200,13
2,50,13
1,50,9
4,650,29
0,25,3
7,1350,19
4,25,15
0,50,0
0,425,26
0,350,17
0,0,2
2,25,8
2,275,24
1,100,6
0,225,16
0,0,0
2,75,6
0,175,19
2,100,13
2,250,16
0,275,13
8,800,28
0,50,16
6,475,23
3,225,13
0,0,6
1,0,1
0,600,34
4,275,17
4,100,19
0,325,7
0,0,5
1,25,15
4,0,5
3,600,15
1,75,18
3,25,14
0,250,6
4,875,27
0,50,5
0,50,9
4,125,11
0,0,3
3,250,15
0,175,25
0,1250,21
1,0,10
1,150,15
0,0,7
1,50,6
0,400,16
2,150,19
6,200,27
9,875,19
0,450,23
0,400,17
0,200,7
2,275,21
0,325,21
1,0,11
1,300,19
0,0,8
0,50,10
1,50,14
1,0,10
0,125,3
1,75,9
1,25,9
0,0,2
5,125,28
1,375,20
3,25,7
6,1000,45
3,300,16
0,1775,34
2,225,8
0,0,1
1,250,11
1,0,12
2,150,31
3,150,14
1,50,7
3,25,10
2,825,25
1,275,21
2,275,11
1,0,12
0,0,5
0,50,3
0,50,2
0,200,13
2,200,22
0,25,9
3,800,12
4,25,31
1,25,7
0,125,8
0,250,6
3,400,21
5,700,57
3,575,22
0,350,6
4,175,15
3,750,21
1,50,13
1,25,15
0,25,10
1,50,11
4,250,32
2,600,26
4,550,24
4,975,25
3,450,24
4,625,39
0,0,9
1,75,8
4,225,13
0,0,6
0,50,6
1,550,26
3,225,27
0,150,9
0,75,17
6,300,42
4,1900,54
2,550,19
1,0,1
4,475,22
0,0,6
1,50,22
5,225,17
1,25,21
1,25,5
5,1475,27
5,350,33
2,0,13
3,375,24
3,400,22
2,250,9
3,125,10
0,0,2
2,100,17
2,350,18
1,275,20
5,1200,30
3,375,22
2,325,7
3,275,20
1,450,16
1,125,9
1,0,3
7,1450,40
0,75,6
0,25,2
0,0,2
1,100,15
2,175,12
1,325,24
0,175,3
4,125,28
1,25,3
0,100,1
5,525,13
2,475,23
0,75,24
0,300,15
0,275,14
4,75,18
1,350,27
4,125,6
1,675,8
2,50,11
0,0,4
1,200,14
2,200,22
2,350,11
1,75,11
4,150,16
5,700,29
5,150,11
0,350,8
1,375,18
1,0,11
2,300,5
1,125,7
3,200,17
1,150,20
2,500,18
0,0,6
0,0,5
2,75,10
2,25,5
0,25,25
1,225,28
2,325,9
2,100,10
1,0,11
0,25,13
3,450,24
0,25,9
2,425,23
3,375,13
0,25,3
0,275,18
1,400,29
2,975,22
1,625,33
1,175,13
6,825,35
0,25,5
1,300,32
1,200,11
0,525,13
1,100,11
1,275,10
4,575,18
0,25,9
2,100,6
5,75,42
2,50,18
2,475,7
0,0,5
0,275,15
2,50,22
2,50,23
2,400,7
0,125,6
3,725,19
0,25,11
0,0,3
2,50,8
0,0,6
0,200,7
2,0,2
0,275,14
2,425,16
0,275,14
6,850,47
0,225,24
5,225,15
1,50,9
0,0,4
1,400,5
0,900,18
0,25,10
4,25,38
6,475,15
2,25,12
5,700,19
1,125,24
2,50,10
0,200,17
7,1325,36
7,500,20
3,450,21
6,25,22
0,0,7
5,100,27
2,75,10
1,200,10
3,25,5
1,50,3
0,25,17
0,0,1
4,150,25
6,875,23
1,100,3
2,0,15
1,200,28
2,275,20
1,0,5
0,450,12
0,375,14
4,275,32
0,150,8
1,550,13
2,350,4
1,100,12
2,100,13
0,975,19
4,350,8
2,150,19
2,875,8
1,275,15
1,250,10
2,200,6
1,525,31
1,175,19
1,300,4
1,75,15
8,425,33
2,475,8
3,150,23
0,25,18
1,175,15
0,25,6
5,0,10
4,350,33
0,0,2
7,375,32
4,550,22
1,325,20
1,300,18
1,150,15
2,275,9
1,0,4
2,0,7
1,125,23
0,150,11
1,525,17
0,175,5
1,100,10
5,575,23
1,50,11
4,475,10
1,50,11
1,125,12
1,150,9
2,300,11
1,0,11
1,225,7
4,250,9
0,0,5
1,25,5
1,400,13
0,25,4
0,425,12
0,75,8
2,175,16
2,400,15
1,25,10
0,125,6
0,275,9
2,975,24
0,425,25
7,500,23
3,600,29
0,25,7
1,200,17
0,175,11
2,200,11
1,125,17
7,250,27
0,150,8
3,725,18
1,0,6
10,275,21
1,100,13
1,300,16
0,0,3
4,850,41
1,175,13
4,425,8
0,75,6
0,300,24
0,125,8
3,175,18
0,75,3
0,150,4
0,0,0
1,25,7
0,75,20
0,225,6
1,200,34
2,350,15
0,25,4
1,425,26
0,25,3
1,25,7
5,450,42
12,675,66
2,175,7
2,0,5
1,300,16
2,475,17
0,25,10
0,50,7
0,625,15
3,975,15
2,125,10
24,925,79
1,200,37
3,125,20
6,275,21
0,475,14
4,1400,36
2,525,26
0,175,17
0,75,10
1,150,3
3,450,40
3,425,28
3,1075,21
0,375,22
0,150,14
0,0,7
1,250,4
1,175,7
0,75,8
2,475,30
3,200,16
1,375,20
1,300,19
1,350,8
1,100,10
0,75,16
0,0,12
2,375,28
0,250,4
3,300,15
0,25,8
1,175,24
5,600,39
2,600,10
1,150,24
1,100,20
1,325,35
6,800,21
0,100,17
2,75,10
2,0,28
3,225,24
1,300,14
1,425,13
0,0,8
4,450,22
1,175,13
5,200,18
3,675,17
1,125,15
2,200,17
4,125,24
5,125,16
4,950,42
2,200,7
3,75,8
2,150,17
1,50,6
2,225,11
3,75,9
1,100,4
0,25,5
0,125,6
2,75,9
7,575,21
0,300,10
1,100,12
6,475,33
12,175,29
0,550,16
1,700,35
0,0,10
2,0,10
0,0,3
3,100,28
4,175,26
1,175,14
5,975,24
0,0,15
1,275,21
0,325,7
1,200,20
1,425,19
0,25,9
0,75,25
1,25,14
4,350,27
2,25,9
1,400,12
3,50,15
1,475,23
1,100,2
8,1000,43
3,275,5
0,375,17
0,150,17
0,25,7
2,325,23
2,450,6
4,225,8
2,0,2
1,1225,28
2,50,19
2,275,8
2,125,5
0,350,12
1,25,8
1,100,7
9,675,32
1,175,15
0,0,19
4,225,28
3,50,20
1,500,12
2,225,11
3,350,17
1,75,10
0,375,5
0,50,5
4,900,28
2,225,27
0,75,7
0,75,3
14,225,40
2,375,11
2,100,11
0,0,18
0,400,16
0,375,11
0,25,10
1,350,17
4,375,10
4,950,45
6,400,26
9,450,44
8,125,20
1,0,13
1,350,16
1,425,12
1,50,18
1,100,13
0,250,6
1,0,10
1,225,17
3,175,8
1,325,9
7,125,24
0,50,4
1,75,14
1,250,6
1,25,8
0,50,10
8,500,31
1,225,2
6,675,23
5,125,19
8,150,31
0,400,7
0,225,30
0,125,17
5,125,33
4,125,20
4,225,11
4,175,14
12,875,27
2,225,8
0,0,0
0,0,9
1,675,29
2,175,19
3,200,14
0,0,3
1,175,9
3,325,12
2,50,6
