population,hospitals,mobilehomes,psubstations
0,0,0,0
0,0,0,0
0,0,0,0
0,0,0,0
0,0,0,0
0,0,0,0
0,0,0,0
0,0,0,0
0,0,0,0
0,0,0,0
0,0,0,0
0,0,0,0
0,0,0,0
0,0,0,0
0,0,0,0
0,0,0,0
64,0,0,0
0,0,0,0
0,0,0,0
192,0,0,0
0,0,0,0
0,0,0,0
0,0,0,0
944,0,0,1
0,0,0,0
0,0,0,0
0,0,0,0
0,0,0,0
0,0,0,0
0,0,0,0
0,0,0,0
0,0,0,0
0,0,0,0
0,0,0,0
80,0,0,0
0,0,0,0
0,0,0,0
0,0,0,0
0,0,0,0
0,0,0,0
0,0,0,0
0,0,0,0
0,0,0,0
0,0,0,0
0,0,0,0
0,0,0,0
0,0,0,0
416,0,0,0
0,0,0,0
0,0,0,0
0,0,0,0
0,0,0,0
0,0,0,0
0,0,0,0
0,0,0,0
0,0,0,0
0,0,0,0
0,0,0,0
0,0,0,0
0,0,0,0
0,0,0,0
0,0,0,0
0,0,0,0
0,0,0,0
0,0,0,0
0,0,0,0
0,0,0,0
0,0,0,0
0,0,0,0
0,0,0,0
0,0,0,0
0,0,0,0
0,0,0,0
0,0,0,0
0,0,0,0
0,0,0,0
16,0,0,0
0,0,0,0
1328,0,25,0
0,0,0,0
0,0,0,0
0,0,0,0
0,0,0,0
0,0,0,0
0,0,0,0
0,0,0,0
0,0,0,0
1504,0,0,0
0,0,0,0
160,0,0,0
1760,0,0,0
0,0,0,0
0,0,0,0
0,0,0,0
0,0,0,0
0,0,0,0
0,0,0,0
0,0,0,0
0,0,0,0
0,0,0,0
0,0,0,0
0,0,0,0
0,0,0,0
0,0,0,0
0,0,0,0
0,0,0,0
0,0,0,0
0,0,0,0
0,0,0,0
0,0,0,0
0,0,0,0
368,0,0,0
32,0,0,0
0,0,0,0
208,0,0,0
544,0,0,0
3152,0,25,0
0,0,0,0
7360,0,125,0
0,0,0,0
0,0,0,0
0,0,0,0
1072,0,0,1
0,0,0,0
0,0,0,0
400,0,0,0
240,0,0,0
0,0,0,0
0,0,0,0
320,0,0,0
0,0,0,0
192,0,0,0
0,0,0,0
0,0,0,0
0,0,0,0
0,0,0,0
0,0,0,0
0,0,0,0
368,0,0,0
0,0,0,0
0,0,0,0
0,0,0,0
0,0,0,0
0,0,0,0
0,0,0,0
0,0,0,0
0,0,0,0
0,0,0,0
0,0,0,0
0,0,0,0
0,0,0,0
1072,0,25,2
1920,0,0,0
0,0,0,0
4080,0,0,0
592,0,0,0
0,0,0,0
1136,1,0,1
0,0,0,0
0,0,0,0
0,0,0,0
0,0,0,0
1632,0,50,0
0,0,0,0
0,0,0,0
0,0,0,0
0,0,0,0
0,0,0,0
0,0,0,0
1504,0,0,2
480,0,0,0
0,0,0,0
0,0,0,0
0,0,0,0
0,0,0,0
48,0,0,0
0,0,0,0
0,0,0,0
0,0,0,0
784,0,0,0
0,0,0,0
0,0,0,0
0,0,0,0
0,0,0,0
1056,0,0,0
0,0,0,0
816,0,0,0
0,0,0,0
0,0,0,0
0,0,0,0
0,0,0,0
0,0,0,0
0,0,0,0
0,0,0,0
16,0,0,0
0,0,0,0
0,0,0,0
0,0,0,0
0,0,0,0
1856,0,0,0
0,0,0,0
976,0,0,4
0,0,0,0
32,0,0,0
304,0,0,0
0,0,0,0
0,0,0,0
0,0,0,0
0,0,0,0
0,0,0,0
0,0,0,0
0,0,0,0
528,0,0,0
0,0,0,0
0,0,0,0
528,0,0,0
0,0,0,0
0,0,0,0
0,0,0,0
0,0,0,0
208,0,0,0
0,0,0,0
0,0,0,0
0,0,0,0
176,0,0,0
496,0,0,0
1152,0,0,0
64,0,0,0
0,0,0,0
0,0,0,0
0,0,0,0
0,0,0,0
528,0,0,0
0,0,0,0
0,0,0,0
0,0,0,0
0,0,0,0
0,0,0,0
0,0,0,0
0,0,0,0
0,0,0,0
0,0,0,0
0,0,0,0
0,0,0,0
0,0,0,0
0,0,0,0
0,0,0,0
0,0,0,0
0,0,0,0
0,0,0,0
0,0,0,0
0,0,0,0
992,0,25,0
0,0,0,0
336,0,0,0
0,0,0,0
1536,0,0,0
0,0,0,0
0,0,0,0
0,0,0,0
0,0,0,0
0,0,0,0
320,0,0,0
0,0,0,0
0,0,0,0
2016,0,50,1
240,0,0,0
3280,0,0,0
0,0,0,0
0,0,0,0
0,0,0,0
0,0,0,0
5328,0,50,2
0,0,0,0
0,0,0,0
0,0,0,0
0,0,0,0
16,0,0,0
0,0,0,0
0,0,0,0
0,0,0,0
0,0,0,0
0,0,0,0
0,0,0,0
0,0,0,0
3760,1,25,2
0,0,0,0
0,0,0,0
0,0,0,0
0,0,0,0
336,0,0,0
0,0,0,0
0,0,0,0
0,0,0,0
0,0,0,0
0,0,0,0
256,0,0,0
0,0,0,0
0,0,0,0
0,0,0,0
0,0,0,0
0,0,0,0
0,0,0,0
0,0,0,0
0,0,0,0
208,0,0,1
0,0,0,0
0,0,0,0
0,0,0,0
752,0,0,0
1040,0,0,0
0,0,0,0
0,0,0,0
0,0,0,0
0,0,0,0
0,0,0,0
0,0,0,0
0,0,0,0
0,0,0,0
0,0,0,0
0,0,0,0
0,0,0,0
0,0,0,0
224,0,0,0
0,0,0,0
0,0,0,0
0,0,0,0
0,0,0,0
0,0,0,0
0,0,0,0
0,0,0,0
0,0,0,0
0,0,0,0
0,0,0,0
0,0,0,0
0,0,0,0
1952,0,0,0
0,0,0,0
0,0,0,0
0,0,0,0
320,0,0,0
0,0,0,0
0,0,0,0
0,0,0,0
0,0,0,0
0,0,0,0
0,0,0,0
0,0,0,0
0,0,0,0
0,0,0,0
64,0,0,0
0,0,0,0
288,0,0,0
0,0,0,0
0,0,0,0
0,0,0,0
16,0,0,0
0,0,0,0
0,0,0,0
0,0,0,0
544,0,0,0
0,0,0,0
0,0,0,0
0,0,0,0
0,0,0,0
0,0,0,0
0,0,0,0
0,0,0,0
0,0,0,0
1152,0,50,1
0,0,0,0
0,0,0,0
0,0,0,0
16,0,0,0
1280,0,0,0
0,0,0,0
0,0,0,0
1008,0,0,0
0,0,0,0
0,0,0,0
0,0,0,0
0,0,0,0
0,0,0,0
0,0,0,0
0,0,0,0
0,0,0,0
0,0,0,0
2448,0,25,1
752,0,0,0
2016,0,25,0
0,0,0,0
0,0,0,0
512,0,0,0
0,0,0,0
0,0,0,0
176,0,0,0
0,0,0,0
0,0,0,0
0,0,0,0
0,0,0,0
5520,0,350,1
0,0,0,0
0,0,0,0
576,0,0,0
0,0,0,0
0,0,0,0
0,0,0,0
0,0,0,0
0,0,0,0
400,0,0,0
0,0,0,0
0,0,0,0
0,0,0,0
8080,0,50,0
0,0,0,0
0,0,0,0
784,0,0,0
0,0,0,0
0,0,0,0
0,0,0,0
0,0,0,0
0,0,0,0
0,0,0,0
0,0,0,0
0,0,0,0
0,0,0,0
0,0,0,0
0,0,0,0
0,0,0,0
16,0,0,0
0,0,0,0
0,0,0,0
1392,0,0,0
0,0,0,0
816,0,0,0
0,0,0,0
0,0,0,0
0,0,0,0
0,0,0,0
0,0,0,0
0,0,0,0
0,0,0,0
0,0,0,0
0,0,0,0
0,0,0,0
800,0,25,0
1104,0,0,0
0,0,0,0
0,0,0,0
0,0,0,0
0,0,0,0
0,0,0,0
0,0,0,0
0,0,0,0
0,0,0,0
736,0,0,0
176,0,0,0
560,0,0,0
0,0,0,0
368,0,0,0
0,0,0,0
144,0,0,0
0,0,0,0
0,0,0,0
0,0,0,0
0,0,0,0
1760,0,0,0
208,0,0,0
0,0,0,0
0,0,0,0
1024,0,0,0
0,0,0,0
976,0,0,0
0,0,0,0
1600,0,0,0
0,0,0,0
864,0,0,0
0,0,0,0
0,0,0,0
0,0,0,0
0,0,0,0
0,0,0,0
0,0,0,0
0,0,0,0
0,0,0,0
0,0,0,0
0,0,0,0
0,0,0,0
0,0,0,0
2432,0,100,0
0,0,0,0
10912,0,150,0
0,0,0,0
0,0,0,0
0,0,0,0
1664,0,0,0
0,0,0,0
480,0,75,1
0,0,0,0
0,0,0,0
0,0,0,0
400,0,0,0
720,0,0,0
0,0,0,0
0,0,0,0
128,0,0,0
0,0,0,0
0,0,0,0
720,0,0,0
0,0,0,0
0,0,0,0
0,0,0,0
160,0,0,0
1152,0,0,0
96,0,0,0
2208,0,50,2
0,0,0,0
0,0,0,0
3408,2,0,2
1280,0,0,1
0,0,0,0
0,0,0,0
16,0,0,0
0,0,0,0
1104,0,50,2
0,0,0,0
0,0,0,0
784,0,25,0
0,0,0,0
0,0,0,0
0,0,0,0
0,0,0,0
0,0,0,0
0,0,0,0
0,0,0,0
0,0,0,0
1376,0,25,0
0,0,0,0
0,0,0,0
0,0,0,0
1424,0,25,0
0,0,0,0
0,0,0,0
1408,0,0,0
0,0,0,0
0,0,0,0
0,0,0,0
0,0,0,0
0,0,0,0
0,0,0,0
0,0,0,0
0,0,0,0
0,0,0,0
0,0,0,0
0,0,0,0
688,0,0,0
0,0,0,0
0,0,0,0
0,0,0,0
0,0,0,0
0,0,0,0
0,0,0,0
0,0,0,0
0,0,0,0
0,0,0,0
0,0,0,0
0,0,0,0
0,0,0,0
0,0,0,0
0,0,0,0
0,0,0,0
336,0,0,0
0,0,0,0
0,0,0,0
0,0,0,0
0,0,0,0
0,0,0,0
160,0,0,0
0,0,0,0
0,0,0,0
1456,0,0,0
0,0,0,0
0,0,0,0
0,0,0,0
0,0,0,0
0,0,0,0
0,0,0,0
13536,0,150,3
0,0,0,0
0,0,0,0
0,0,0,0
0,0,0,0
0,0,0,0
0,0,0,0
0,0,0,0
0,0,0,0
0,0,0,0
0,0,0,0
0,0,0,0
0,0,0,0
0,0,0,0
0,0,0,0
0,0,0,0
0,0,0,0
912,0,0,0
0,0,0,0
0,0,0,0
0,0,0,0
0,0,0,0
0,0,0,0
0,0,0,0
0,0,0,0
0,0,0,0
0,0,0,0
6640,0,0,0
0,0,0,0
80,0,0,0
80,0,0,0
0,0,0,0
0,0,0,0
0,0,0,0
0,0,0,0
0,0,0,0
0,0,0,0
0,0,0,0
0,0,0,0
0,0,0,0
0,0,0,0
0,0,0,0
0,0,0,0
0,0,0,0
0,0,0,0
0,0,0,0
0,0,0,0
0,0,0,0
0,0,0,0
0,0,0,0
0,0,0,0
416,0,0,0
912,0,25,0
0,0,0,0
272,0,0,0
0,0,0,0
0,0,0,0
0,0,0,0
0,0,0,0
0,0,0,0
0,0,0,0
0,0,0,0
0,0,0,0
0,0,0,0
0,0,0,0
0,0,0,0
0,0,0,0
0,0,0,0
48,0,0,0
0,0,0,0
0,0,0,0
0,0,0,0
0,0,0,0
944,0,0,1
0,0,0,0
0,0,0,0
0,0,0,0
0,0,0,0
3168,0,25,1
0,0,0,0
0,0,0,0
0,0,0,0
1024,0,0,0
480,0,0,0
0,0,0,0
0,0,0,0
0,0,0,0
0,0,0,0
0,0,0,0
0,0,0,0
0,0,0,0
0,0,0,0
0,0,0,0
0,0,0,0
0,0,0,0
0,0,0,0
128,0,0,0
0,0,0,0
512,0,25,0
0,0,0,0
0,0,0,0
0,0,0,0
0,0,0,0
0,0,0,0
0,0,0,0
0,0,0,0
0,0,0,0
0,0,0,0
0,0,0,0
0,0,0,0
0,0,0,0
0,0,0,0
0,0,0,0
80,0,0,0
0,0,0,0
896,0,0,0
0,0,0,0
0,0,0,0
352,0,0,0
0,0,0,0
0,0,0,0
0,0,0,0
0,0,0,0
0,0,0,0
0,0,0,0
0,0,0,0
0,0,0,0
0,0,0,0
0,0,0,0
32,0,0,0
0,0,0,0
0,0,0,0
0,0,0,0
656,0,0,0
0,0,0,0
0,0,0,0
368,0,0,0
0,0,0,0
0,0,0,0
0,0,0,0
0,0,0,0
1040,0,0,0
0,0,0,0
464,0,0,0
0,0,0,0
0,0,0,0
2768,0,0,0
3328,0,100,0
0,0,0,0
0,0,0,0
32,0,0,0
0,0,0,0
0,0,0,0
0,0,0,0
0,0,0,0
240,0,0,0
0,0,0,0
0,0,0,0
0,0,0,0
896,0,0,0
0,0,0,0
0,0,0,0
0,0,0,0
0,0,0,0
0,0,0,0
0,0,0,0
0,0,0,0
656,0,25,1
0,0,0,0
0,0,0,0
0,0,0,0
0,0,0,0
32,0,0,0
624,0,0,0
0,0,0,0
0,0,0,0
0,0,0,0
0,0,0,0
0,0,0,0
0,0,0,0
0,0,0,0
0,0,0,0
0,0,0,0
16,0,0,0
0,0,0,0
560,0,0,0
0,0,0,0
0,0,0,0
0,0,0,0
0,0,0,0
800,0,0,0
0,0,0,0
640,0,0,0
0,0,0,0
0,0,0,0
0,0,0,0
0,0,0,0
0,0,0,0
0,0,0,0
0,0,0,0
0,0,0,0
0,0,0,0
0,0,0,0
0,0,0,0
0,0,0,0
304,0,0,0
0,0,0,0
0,0,0,0
0,0,0,0
0,0,0,0
0,0,0,0
0,0,0,0
496,0,25,0
352,0,0,0
0,0,0,0
0,0,0,0
0,0,0,0
688,0,0,0
0,0,0,0
432,0,0,0
0,0,0,0
0,0,0,0
0,0,0,0
0,0,0,0
0,0,0,0
96,0,0,0
0,0,0,0
0,0,0,0
0,0,0,0
752,0,25,0
0,0,0,0
0,0,0,0
0,0,0,0
0,0,0,0
0,0,0,0
0,0,0,0
0,0,0,0
0,0,0,0
0,0,0,0
0,0,0,0
0,0,0,0
0,0,0,0
0,0,0,0
0,0,0,0
0,0,0,0
0,0,0,0
2064,0,0,1
0,0,0,0
0,0,0,0
944,0,0,0
0,0,0,0
0,0,0,0
0,0,0,0
80,0,0,0
1744,0,0,0
0,0,0,0
0,0,0,0
16,0,0,0
0,0,0,0
0,0,0,0
2880,0,25,2
0,0,0,0
0,0,0,0
1232,0,0,0
896,0,25,0
0,0,0,0
48,0,0,0
0,0,0,0
0,0,0,0
0,0,0,0
0,0,0,0
0,0,0,0
0,0,0,0
0,0,0,0
944,0,0,0
720,0,0,0
864,0,0,0
16,0,0,0
0,0,0,0
1968,1,25,0
0,0,0,0
0,0,0,0
608,0,0,0
0,0,0,0
0,0,0,0
0,0,0,0
0,0,0,0
0,0,0,0
0,0,0,0
0,0,0,0
0,0,0,0
0,0,0,0
0,0,0,0
0,0,0,0
0,0,0,0
0,0,0,0
1344,0,0,0
0,0,0,0
0,0,0,0
0,0,0,0
0,0,0,0
0,0,0,0
0,0,0,0
0,0,0,0
0,0,0,0
0,0,0,0
0,0,0,0
0,0,0,0
0,0,0,0
0,0,0,0
0,0,0,0
0,0,0,0
0,0,0,0
0,0,0,0
0,0,0,0
0,0,0,0
0,0,0,0
0,0,0,0
0,0,0,0
0,0,0,0
0,0,0,0
1824,0,50,0
0,0,0,0
0,0,0,0
0,0,0,0
400,0,0,0
0,0,0,0
0,0,0,0
0,0,0,0
1968,0,0,0
3552,0,0,1
0,0,0,0
0,0,0,0
2032,0,25,2
0,0,0,0
944,0,0,0
0,0,0,0
0,0,0,0
0,0,0,0
352,0,0,0
0,0,0,0
0,0,0,0
0,0,0,0
0,0,0,0
0,0,0,0
0,0,0,0
0,0,0,0
0,0,0,0
0,0,0,0
288,0,0,0
0,0,0,0
0,0,0,0
0,0,0,0
0,0,0,0
0,0,0,0
0,0,0,0
0,0,0,0
64,0,0,0
0,0,0,0
0,0,0,0
96,0,0,0
1920,0,0,0
0,0,0,0
0,0,0,0
0,0,0,0
0,0,0,0
0,0,0,0
432,0,0,0
0,0,0,0
0,0,0,0
0,0,0,0
176,0,0,0
0,0,0,0
0,0,0,0
304,0,0,0
912,0,25,0
0,0,0,0
0,0,0,0
0,0,0,0
0,0,0,0
304,0,0,0
0,0,0,0
0,0,0,0
0,0,0,0
0,0,0,0
0,0,0,0
0,0,0,0
0,0,0,0
0,0,0,0
0,0,0,0
0,0,0,0
3280,0,25,0
0,0,0,0
880,0,0,0
0,0,0,0
528,0,0,0
32,0,0,0
0,0,0,0
0,0,0,0
288,0,0,0
720,0,0,0
0,0,0,0
0,0,0,0
0,0,0,0
0,0,0,0
0,0,0,0
14976,0,50,4
0,0,0,0
0,0,0,0
0,0,0,0
0,0,0,0
0,0,0,0
0,0,0,0
0,0,0,0
0,0,0,0
160,0,0,0
144,0,0,0
0,0,0,0
0,0,0,0
0,0,0,0
0,0,0,0
1616,0,0,0
0,0,0,0
192,0,0,2
0,0,0,0
0,0,0,0
0,0,0,0
0,0,0,0
224,0,0,0
0,0,0,0
32,0,0,0
0,0,0,0
0,0,0,0
0,0,0,0
0,0,0,0
0,0,0,0
1568,0,0,0
864,0,0,0
0,0,0,0
0,0,0,0
240,0,0,0
0,0,0,0
0,0,0,0
0,0,0,0
0,0,0,0
0,0,0,0
0,0,0,0
80,0,0,0
0,0,0,0
0,0,0,0
0,0,0,0
768,0,0,0
0,0,0,0
0,0,0,0
0,0,0,0
896,0,0,0
176,0,0,0
0,0,0,0
400,0,0,0
0,0,0,0
0,0,0,0
0,0,0,0
0,0,0,0
0,0,0,0
0,0,0,0
3232,1,0,0
0,0,0,0
0,0,0,0
0,0,0,0
0,0,0,0
0,0,0,0
0,0,0,0
0,0,0,0
0,0,0,0
29696,2,100,3
3056,0,0,0
736,0,0,0
0,0,0,0
0,0,0,0
0,0,0,0
448,0,0,0
0,0,0,0
832,0,0,0
496,0,0,0
320,1,0,0
0,0,0,0
0,0,0,0
16,0,0,0
0,0,0,0
0,0,0,0
0,0,0,0
0,0,0,0
0,0,0,0
1616,0,0,0
832,0,25,1
0,0,0,0
0,0,0,0
0,0,0,0
0,0,0,0
0,0,0,0
0,0,0,0
0,0,0,0
1584,0,0,0
0,0,0,0
320,0,0,1
0,0,0,0
128,0,0,0
0,0,0,0
0,0,0,0
0,0,0,0
0,0,0,0
0,0,0,0
0,0,0,0
0,0,0,0
0,0,0,0
0,0,0,0
0,0,0,0
432,0,0,0
816,0,275,1
0,0,0,0
0,0,0,0
0,0,0,0
0,0,0,0
0,0,0,0
0,0,0,0
0,0,0,0
0,0,0,0
800,0,0,1
352,0,0,0
0,0,0,0
0,0,0,0
0,0,0,0
0,0,0,0
0,0,0,0
1472,0,25,0
272,0,0,0
0,0,0,0
0,0,0,0
240,0,0,0
768,0,0,0
0,0,0,0
0,0,0,0
0,0,0,0
5136,0,75,0
0,0,0,0
0,0,0,0
0,0,0,0
0,0,0,0
0,0,0,0
0,0,0,0
0,0,0,0
0,0,0,0
0,0,0,0
0,0,0,0
864,0,0,0
1584,0,0,0
0,0,0,0
0,0,0,0
0,0,0,0
0,0,0,0
0,0,0,0
0,0,0,0
0,0,0,0
0,0,0,0
0,0,0,0
0,0,0,0
0,0,0,0
0,0,0,0
0,0,0,0
0,0,0,0
0,0,0,0
0,0,0,0
272,0,0,0
0,0,0,0
0,0,0,0
0,0,0,0
0,0,0,0
0,0,0,0
0,0,0,0
0,0,0,0
0,0,0,0
3088,0,0,0
0,0,0,0
0,0,0,0
0,0,0,0
0,0,0,0
0,0,0,0
0,0,0,0
0,0,0,0
0,0,0,0
0,0,0,0
144,0,0,0
0,0,0,0
0,0,0,0
16,0,0,0
64,0,0,0
0,0,0,0
0,0,0,0
480,0,25,0
960,0,25,0
0,0,0,0
0,0,0,0
0,0,0,0
0,0,0,0
0,0,0,0
0,0,0,0
0,0,0,0
0,0,0,0
0,0,0,0
0,0,0,0
0,0,0,0
6448,0,50,2
0,0,0,0
0,0,0,0
0,0,0,0
0,0,0,0
0,0,0,0
0,0,0,0
0,0,0,0
1168,0,25,0
0,0,0,0
0,0,0,0
240,1,125,3
4944,0,25,1
0,0,0,0
208,0,0,0
0,0,0,0
0,0,0,0
0,0,0,0
0,0,0,0
0,0,0,0
0,0,0,0
112,0,0,0
0,0,0,0
0,0,0,0
0,0,0,0
0,0,0,0
32,0,0,0
0,0,0,0
0,0,0,0
0,0,0,0
208,0,0,0
0,0,0,0
0,0,0,0
0,0,0,0
1056,0,0,0
0,0,0,0
0,0,0,0
0,0,0,0
0,0,0,0
400,0,0,0
0,0,0,0
2160,0,50,0
176,0,0,0
0,0,0,0
0,0,0,0
0,0,0,0
928,0,0,0
0,0,0,0
0,0,0,0
0,0,0,0
0,0,0,0
1344,0,0,0
0,0,0,0
0,0,0,0
0,0,0,0
0,0,0,0
0,0,0,0
1568,0,50,2
0,0,0,0
0,0,0,0
0,0,0,0
0,0,0,0
0,0,0,0
0,0,0,0
0,0,0,0
592,0,0,0
0,0,0,0
0,0,0,0
0,0,0,0
0,0,0,0
0,0,0,0
0,0,0,0
0,0,0,0
0,0,0,0
0,0,0,0
0,0,0,0
1056,0,0,0
0,0,0,0
0,0,0,0
0,0,0,0
0,0,0,0
0,0,0,0
0,0,0,0
0,0,0,0
0,0,0,0
11424,0,25,0
0,0,0,0
0,0,0,0
0,0,0,0
16,0,0,0
0,0,0,0
0,0,0,0
0,0,0,0
0,0,0,0
0,0,0,0
5744,0,0,2
0,0,0,0
0,0,0,0
0,0,0,0
688,0,0,0
0,0,0,0
0,0,0,0
0,0,0,0
192,0,0,0
0,0,0,0
224,0,0,0
0,0,0,0
0,0,0,0
0,0,0,0
0,0,0,0
0,0,0,0
0,0,0,0
0,0,0,0
0,0,0,0
0,0,0,0
0,0,0,0
0,0,0,0
0,0,0,0
0,0,0,0
272,0,0,0
0,0,0,0
0,0,0,0
608,0,0,0
0,0,0,0
48,0,0,0
0,0,0,0
0,0,0,0
0,0,0,0
0,0,0,0
0,0,0,0
2992,1,0,2
0,0,0,0
0,0,0,0
0,0,0,0
0,0,0,0
0,0,0,0
0,0,0,0
0,0,0,0
240,0,0,0
0,0,0,0
0,0,0,0
0,0,0,0
4608,0,0,0
0,0,0,0
0,0,0,0
592,0,0,0
0,0,0,0
0,0,0,0
0,0,0,0
0,0,0,0
0,0,0,0
0,0,0,0
0,0,0,0
0,0,0,0
0,0,0,0
0,0,0,0
0,0,0,0
0,0,0,0
0,0,0,0
0,0,0,0
0,0,0,0
0,0,0,0
0,0,0,0
0,0,0,0
0,0,0,0
0,0,0,0
0,0,0,0
0,0,0,0
160,0,0,1
0,0,0,0
0,0,0,0
0,0,0,0
0,0,0,0
0,0,0,0
0,0,0,0
0,0,0,0
0,0,0,0
0,0,0,0
16,0,0,0
0,0,0,0
0,0,0,0
0,0,0,0
0,0,0,0
0,0,0,0
320,0,0,0
0,0,0,0
0,0,0,0
0,0,0,0
0,0,0,0
0,0,0,0
0,0,0,0
0,0,0,0
0,0,0,0
0,0,0,0
0,0,0,0
0,0,0,0
0,0,0,0
0,0,0,0
0,0,0,0
0,0,0,0
0,0,0,0
0,0,0,0
0,0,0,0
22784,0,0,3
560,0,25,0
0,0,0,0
0,0,0,0
0,0,0,0
0,0,0,0
0,0,0,0
0,0,0,0
0,0,0,0
0,0,0,0
128,0,0,0
0,0,0,0
0,0,0,0
0,0,0,0
0,0,0,0
1872,0,0,0
1408,0,0,0
0,0,0,0
0,0,0,0
0,0,0,0
0,0,0,0
0,0,0,0
0,0,0,0
0,0,0,0
0,0,0,0
0,0,0,0
0,0,0,0
0,0,0,0
0,0,0,0
0,0,0,0
176,0,0,0
0,0,0,0
0,0,0,0
0,0,0,0
0,0,0,0
0,0,0,0
0,0,0,0
0,0,0,0
0,0,0,0
0,0,0,0
0,0,0,0
0,0,0,0
0,0,0,0
0,0,0,0
0,0,0,0
384,0,0,0
0,0,0,0
0,0,0,0
0,0,0,0
0,0,0,0
0,0,0,0
0,0,0,0
0,0,0,0
0,0,0,0
0,0,0,0
0,0,0,0
816,0,0,1
0,0,0,0
0,0,0,0
0,0,0,0
0,0,0,0
0,0,0,0
0,0,0,0
0,0,0,0
0,0,0,0
0,0,0,0
0,0,0,0
640,0,0,0
0,0,0,0
0,0,0,0
0,0,0,0
2032,0,0,0
0,0,0,0
0,0,0,0
0,0,0,0
0,0,0,0
0,0,0,0
0,0,0,0
1072,0,25,2
0,0,0,0
0,0,0,0
0,0,0,0
0,0,0,0
0,0,0,0
0,0,0,0
896,0,0,0
0,0,0,0
0,0,0,0
0,0,0,0
32,0,0,1
352,0,0,0
0,0,0,0
0,0,0,0
0,0,0,0
0,0,0,0
0,0,0,0
432,0,0,0
0,0,0,0
0,0,0,0
0,0,0,0
240,0,0,4
0,0,0,0
0,0,0,0
0,0,0,0
704,0,0,0
0,0,0,0
3120,0,0,0
0,0,0,0
0,0,0,0
2272,0,25,0
0,0,0,0
832,0,0,0
0,0,0,0
0,0,0,0
0,0,0,0
0,0,0,0
0,0,0,0
0,0,0,0
240,0,0,0
0,0,0,0
0,0,0,0
0,0,0,0
0,0,0,0
0,0,0,0
0,0,0,0
0,0,0,0
0,0,0,0
0,0,0,0
0,0,0,0
0,0,0,0
0,0,0,0
0,0,0,0
0,0,0,0
7344,0,0,2
0,0,0,0
0,0,0,0
0,0,0,0
688,0,0,0
0,0,0,0
0,0,0,0
0,0,0,0
0,0,0,0
0,0,0,0
0,0,0,0
0,0,0,0
1792,0,0,0
0,0,0,0
0,0,0,0
0,0,0,0
0,0,0,0
368,0,0,0
16,0,0,0
960,0,75,0
320,0,0,0
0,0,0,0
0,0,0,0
0,0,0,0
0,0,0,0
848,0,25,0
0,0,0,0
0,0,0,0
0,0,0,0
0,0,0,0
0,0,0,0
208,0,0,0
0,0,0,0
448,0,0,0
960,0,0,0
464,0,0,0
528,0,0,0
576,0,0,0
1088,0,0,0
0,0,0,0
0,0,0,0
0,0,0,0
0,0,0,0
0,0,0,0
0,0,0,0
192,0,0,0
0,0,0,0
0,0,0,0
16,0,0,0
0,0,0,0
1488,0,0,0
0,0,0,0
0,0,0,0
0,0,0,0
0,0,0,0
0,0,0,0
0,0,0,0
336,0,0,0
240,0,0,0
0,0,0,0
0,0,0,0
0,0,0,0
496,0,0,0
0,0,0,0
0,0,0,0
0,0,0,0
10064,0,75,0
0,0,0,0
0,0,0,0
0,0,0,0
0,0,0,0
0,0,0,0
0,0,0,0
256,0,0,0
0,0,0,0
128,0,0,0
0,0,0,0
0,0,0,0
0,0,0,0
0,0,0,0
0,0,0,0
0,0,0,0
0,0,0,0
0,0,0,0
1440,0,0,0
832,0,0,0
0,0,0,0
0,0,0,0
0,0,0,0
80,0,0,0
0,0,0,0
0,0,0,0
0,0,0,0
0,0,0,0
0,0,0,0
0,0,0,0
0,0,0,0
0,0,0,0
0,0,0,0
0,0,0,0
0,0,0,0
0,0,0,0
0,0,0,0
0,0,0,0
0,0,0,0
0,0,0,0
0,0,0,0
0,0,0,0
0,0,0,0
0,0,0,0
0,0,0,0
0,0,0,0
0,0,0,0
432,0,0,0
0,0,0,0
0,0,0,0
0,0,0,0
80,0,0,0
528,0,0,0
0,0,0,0
0,0,0,0
0,0,0,0
0,0,0,0
0,0,0,0
0,0,0,0
0,0,0,0
0,0,0,0
0,0,0,0
0,0,0,0
512,0,0,0
0,0,0,0
0,0,0,0
0,0,0,0
0,0,0,0
0,0,0,0
0,0,0,0
0,0,0,0
0,0,0,0
16,0,0,0
0,0,0,0
0,0,0,0
0,0,0,0
0,0,0,0
0,0,0,0
9568,0,25,1
32,0,0,1
0,0,0,0
112,0,0,2
0,0,0,0
1536,0,0,0
0,0,0,0
0,0,0,0
4080,2,75,3
0,0,0,0
0,0,0,0
4416,0,50,0
0,0,0,0
0,0,0,0
0,0,0,0
0,0,0,0
0,0,0,0
0,0,0,0
0,0,0,0
0,0,0,0
0,0,0,0
0,0,0,0
0,0,0,0
0,0,0,0
0,0,0,0
16,0,0,0
0,0,0,0
16,0,0,0
0,0,0,0
0,0,0,0
2480,0,25,2
0,0,0,0
0,0,0,0
0,0,0,0
0,0,0,0
1664,0,0,0
16,0,0,0
0,0,0,0
0,0,0,0
0,0,0,0
0,0,0,0
0,0,0,0
0,0,0,0
0,0,0,0
0,0,0,0
0,0,0,0
0,0,0,0
0,0,0,0
0,0,0,0
0,0,0,0
304,0,0,0
0,0,0,0
0,0,0,0
0,0,0,0
0,0,0,0
0,0,0,0
0,0,0,0
0,0,0,0
368,0,0,0
0,0,0,0
192,0,0,0
0,0,0,0
0,0,0,0
0,0,0,0
0,0,0,0
0,0,0,0
0,0,0,0
0,0,0,0
0,0,0,0
0,0,0,0
0,0,0,0
0,0,0,0
0,0,0,0
0,0,0,0
0,0,0,0
0,0,0,0
0,0,0,0
0,0,0,0
400,0,0,0
0,0,0,0
0,0,0,0
0,0,0,0
0,0,0,0
0,0,0,0
0,0,0,0
0,0,0,0
0,0,0,0
0,0,0,0
0,0,0,0
1632,0,0,0
0,0,0,0
496,0,0,0
0,0,0,0
0,0,0,0
480,0,0,0
0,0,0,0
0,0,0,0
3904,0,0,0
0,0,0,0
0,0,0,0
5984,0,125,0
0,0,0,0
2288,0,0,0
0,0,0,0
0,0,0,0
0,0,0,0
0,0,0,0
0,0,0,0
1312,0,0,0
0,0,0,0
0,0,0,0
0,0,0,0
0,0,0,0
720,0,0,1
32,0,0,0
80,0,0,0
0,0,0,0
48,0,0,0
352,0,0,0
0,0,0,0
0,0,0,0
0,0,0,0
0,0,0,0
0,0,0,0
0,0,0,0
0,0,0,0
0,0,0,0
0,0,0,0
0,0,0,0
0,0,0,0
0,0,0,0
0,0,0,0
0,0,0,0
0,0,0,0
0,0,0,0
0,0,0,0
0,0,0,0
0,0,0,0
960,0,75,0
0,0,0,0
0,0,0,0
0,0,0,0
0,0,0,0
0,0,0,0
0,0,0,0
0,0,0,0
1888,0,0,0
272,0,0,0
0,0,0,0
0,0,0,0
352,0,0,0
0,0,0,0
0,0,0,0
0,0,0,0
1312,0,150,0
0,0,0,0
0,0,0,0
0,0,0,0
0,0,0,0
0,0,0,0
0,0,0,0
0,0,0,0
0,0,0,0
0,0,0,0
0,0,0,0
0,0,0,0
0,0,0,0
64,0,0,0
0,0,0,0
0,0,0,0
3952,0,0,0
0,0,0,0
0,0,0,0
416,0,0,0
16,0,0,0
7120,0,125,1
816,0,0,0
0,0,0,0
2976,0,50,1
0,0,0,0
144,0,0,0
0,0,0,0
0,0,0,0
240,0,0,0
0,0,0,0
0,0,0,0
0,0,0,0
240,0,0,0
0,0,0,0
368,0,0,0
0,0,0,0
0,0,0,0
0,0,0,0
0,0,0,0
0,0,0,0
0,0,0,0
0,0,0,0
0,0,0,0
0,0,0,0
16,0,0,0
0,0,0,0
0,0,0,0
0,0,0,0
0,0,0,0
0,0,0,0
0,0,0,0
0,0,0,0
0,0,0,0
0,0,0,0
0,0,0,0
0,0,0,0
0,0,0,0
16,0,0,0
0,0,0,0
0,0,0,0
336,0,0,0
0,0,0,0
0,0,0,0
0,0,0,0
0,0,0,0
0,0,0,0
0,0,0,0
0,0,0,0
0,0,0,0
0,0,0,0
272,0,0,0
64,0,0,0
0,0,0,0
0,0,0,0
496,0,125,0
0,0,0,0
0,0,0,0
0,0,0,0
0,0,0,0
0,0,0,0
0,0,0,0
1744,1,400,2
0,0,0,0
80,0,0,0
0,0,0,0
160,0,0,0
0,0,0,0
224,0,0,0
0,0,0,0
0,0,0,0
12752,0,150,1
0,0,0,0
3168,0,25,0
0,0,0,0
0,0,0,0
0,0,0,0
736,0,0,0
0,0,0,0
16,0,0,0
0,0,0,0
1728,0,0,0
544,0,50,0
0,0,0,0
0,0,0,0
1456,0,275,1
208,0,0,0
0,0,0,0
0,0,0,0
592,0,0,0
0,0,0,0
0,0,0,0
3152,1,75,1
0,0,0,0
2864,0,125,0
0,0,0,0
0,0,0,0
16,0,0,0
0,0,0,0
0,0,0,0
224,0,0,0
0,0,0,0
0,0,0,0
0,0,0,0
0,0,0,0
0,0,0,0
0,0,0,0
0,0,0,0
0,0,0,0
1536,0,0,1
0,0,0,0
0,0,0,0
0,0,0,0
0,0,0,0
0,0,0,0
0,0,0,0
0,0,0,0
0,0,0,0
432,0,75,0
880,1,0,0
0,0,0,0
0,0,0,0
400,0,0,0
0,0,0,0
0,0,0,0
0,0,0,0
0,0,0,0
0,0,0,0
0,0,0,0
0,0,0,0
672,0,0,0
0,0,0,0
0,0,0,0
0,0,0,0
0,0,0,0
0,0,0,0
0,0,0,0
0,0,0,0
96,0,0,0
0,0,0,0
0,0,0,0
0,0,0,0
0,0,0,0
0,0,0,0
0,0,0,0
0,0,0,0
0,0,0,0
0,0,0,0
0,0,0,0
0,0,0,0
32,0,0,0
0,0,0,0
0,0,0,0
0,0,0,0
0,0,0,0
0,0,0,0
0,0,0,0
0,0,0,0
0,0,0,0
0,0,0,0
0,0,0,0
0,0,0,0
0,0,0,0
0,0,0,0
0,0,0,0
0,0,0,0
64,0,0,0
14208,0,125,0
0,0,0,0
0,0,0,0
0,0,0,0
0,0,0,0
0,0,0,0
0,0,0,0
0,0,0,0
0,0,0,0
0,0,0,0
0,0,0,0
0,0,0,0
1744,0,175,0
0,0,0,0
512,0,0,0
0,0,0,0
0,0,0,0
544,0,0,0
0,0,0,0
0,0,0,0
48,0,0,0
0,0,0,0
0,0,0,0
0,0,0,0
0,0,0,0
0,0,0,0
0,0,0,0
0,0,0,0
0,0,0,0
0,0,0,0
0,0,0,0
0,0,0,0
0,0,0,0
0,0,0,0
336,0,0,0
0,0,0,0
0,0,0,0
0,0,0,0
16,0,0,0
0,0,0,0
0,0,0,0
0,0,0,0
0,0,0,0
0,0,0,0
0,0,0,0
528,0,0,0
0,0,0,0
32,0,0,0
208,0,0,0
0,0,0,0
0,0,0,0
0,0,0,0
0,0,0,0
48,0,0,0
6320,0,0,0
0,0,0,0
0,0,0,0
0,0,0,0
0,0,0,0
0,0,0,0
2272,0,25,0
0,0,0,0
0,0,0,0
0,0,0,0
0,0,0,0
0,0,0,0
0,0,0,0
0,0,0,0
0,0,0,0
0,0,0,0
0,0,0,0
0,0,0,0
1312,0,0,0
0,0,0,0
0,0,0,0
0,0,0,0
0,0,0,0
0,0,0,0
0,0,0,0
0,0,0,0
0,0,0,0
0,0,0,0
0,0,0,0
0,0,0,0
0,0,0,0
0,0,0,0
0,0,0,0
288,0,0,0
0,0,0,0
0,0,0,0
0,0,0,0
0,0,0,0
0,0,0,0
1024,0,0,1
400,0,0,0
0,0,0,0
0,0,0,0
2560,0,0,0
0,0,0,0
0,0,0,0
224,0,0,0
1552,0,0,0
4912,1,75,1
0,0,0,0
512,0,25,1
0,0,0,0
0,0,0,0
0,0,0,0
0,0,0,0
0,0,0,0
0,0,0,0
2560,1,0,0
0,0,0,0
0,0,0,0
0,0,0,0
0,0,0,0
0,0,0,0
0,0,0,0
0,0,0,0
512,0,0,0
0,0,0,0
0,0,0,0
0,0,0,0
496,0,125,2
368,0,0,0
0,0,0,0
0,0,0,0
0,0,0,0
2336,0,0,0
0,0,0,0
0,0,0,0
0,0,0,0
0,0,0,0
0,0,0,0
720,0,0,0
0,0,0,0
128,0,0,0
208,0,0,0
0,0,0,0
528,0,0,0
0,0,0,0
0,0,0,0
0,0,0,0
0,0,0,0
0,0,0,0
0,0,0,0
0,0,0,0
0,0,0,0
0,0,0,0
1152,0,0,0
0,0,0,0
0,0,0,0
0,0,0,0
0,0,0,0
0,0,0,0
0,0,0,0
0,0,0,0
0,0,0,0
0,0,0,0
0,0,0,0
0,0,0,0
0,0,0,0
3024,0,0,0
0,0,0,0
0,0,0,0
0,0,0,0
0,0,0,0
0,0,0,0
0,0,0,0
0,0,0,0
0,0,0,0
0,0,0,0
2848,0,0,0
0,0,0,0
0,0,0,0
0,0,0,0
896,0,0,0
9424,0,75,0
0,0,0,0
0,0,0,0
0,0,0,0
4976,0,0,0
0,0,0,0
0,0,0,0
0,0,0,0
448,0,0,0
0,0,0,0
0,0,0,0
0,0,0,0
0,0,0,0
0,0,0,0
0,0,0,0
512,0,0,0
128,0,0,1
0,0,0,0
0,0,0,0
0,0,0,0
0,0,0,0
0,0,0,0
0,0,0,0
4480,0,200,0
0,0,0,0
0,0,0,0
0,0,0,0
0,0,0,0
0,0,0,0
0,0,0,0
0,0,0,0
0,0,0,0
0,0,0,0
0,0,0,0
0,0,0,0
16,0,0,0
0,0,0,0
1040,0,0,0
1200,0,25,0
0,0,0,0
0,0,0,0
0,0,0,0
0,0,0,0
528,0,0,0
0,0,0,0
0,0,0,0
0,0,0,0
0,0,0,0
0,0,0,0
1952,0,0,1
0,0,0,0
0,0,0,0
1280,0,0,0
432,0,0,0
1056,0,0,0
3200,0,75,0
176,0,0,4
0,0,0,0
4032,0,0,0
48,0,0,0
0,0,0,0
0,0,0,0
0,0,0,0
0,0,0,0
0,0,0,0
4656,0,0,0
0,0,0,0
0,0,0,0
0,0,0,0
0,0,0,0
0,0,0,0
32,0,0,0
0,0,0,0
0,0,0,0
0,0,0,0
16,0,0,0
0,0,0,0
0,0,0,0
0,0,0,0
0,0,0,0
0,0,0,0
0,0,0,0
0,0,0,0
0,0,0,0
272,0,0,0
0,0,0,0
0,0,0,0
592,0,0,0
0,0,0,0
0,0,0,0
0,0,0,0
0,0,0,0
0,0,0,0
0,0,0,0
0,0,0,0
0,0,0,0
0,0,0,0
0,0,0,0
0,0,0,0
544,0,0,0
0,0,0,0
0,0,0,0
1712,0,25,0
176,0,0,0
0,0,0,0
0,0,0,0
608,0,0,0
0,0,0,0
0,0,0,0
0,0,0,0
0,0,0,0
256,0,0,0
0,0,0,0
0,0,0,0
368,0,0,0
0,0,0,0
0,0,0,0
0,0,0,0
0,0,0,0
0,0,0,0
0,0,0,0
0,0,0,0
8080,0,25,1
0,0,0,0
0,0,0,0
128,0,0,0
0,0,0,0
0,0,0,0
2784,0,25,1
0,0,0,0
0,0,0,0
0,0,0,0
0,0,0,0
32,0,0,0
0,0,0,0
0,0,0,0
0,0,0,0
0,0,0,0
0,0,0,0
960,0,0,0
960,0,0,0
896,0,0,0
0,0,0,0
0,0,0,0
3616,0,0,0
1936,1,75,0
0,0,0,0
304,0,0,1
0,0,0,0
576,0,0,0
1456,0,0,0
16,0,0,0
0,0,0,0
512,0,0,0
0,0,0,0
0,0,0,0
0,0,0,0
0,0,0,0
0,0,0,0
0,0,0,0
0,0,0,0
0,0,0,0
0,0,0,0
1424,0,0,0
0,0,0,0
0,0,0,0
2112,0,25,0
512,0,0,0
0,0,0,0
0,0,0,0
0,0,0,0
0,0,0,0
0,0,0,0
0,0,0,0
0,0,0,0
0,0,0,0
0,0,0,0
0,0,0,0
0,0,0,0
3856,0,25,1
0,0,0,0
0,0,0,0
0,0,0,0
464,0,0,0
880,0,0,0
0,0,0,0
0,0,0,0
0,0,0,0
0,0,0,0
0,0,0,0
0,0,0,0
3632,0,25,0
0,0,0,0
0,0,0,0
0,0,0,0
0,0,0,0
0,0,0,0
0,0,0,0
0,0,0,0
640,0,0,0
0,0,0,0
32,0,0,0
0,0,0,0
0,0,0,0
2224,0,25,2
0,0,0,0
0,0,0,0
0,0,0,0
5520,0,125,0
0,0,0,0
2144,0,0,0
16,0,0,0
0,0,0,0
144,0,0,0
0,0,0,0
128,0,0,0
0,0,0,0
0,0,0,0
0,0,0,0
400,0,50,0
0,0,0,0
0,0,0,0
560,0,0,0
880,0,0,0
368,0,50,0
0,0,0,0
0,0,0,0
544,0,50,0
0,0,0,0
0,0,0,0
0,0,0,0
0,0,0,0
352,0,0,0
0,0,0,0
0,0,0,0
0,0,0,0
1008,0,0,0
0,0,0,0
0,0,0,0
0,0,0,0
0,0,0,0
0,0,0,0
0,0,0,0
0,0,0,0
0,0,0,0
0,0,0,0
960,0,0,0
0,0,0,0
0,0,0,0
2336,0,0,0
0,0,0,0
0,0,0,0
528,0,0,0
528,0,0,0
0,0,0,0
160,0,0,0
0,0,0,0
0,0,0,0
0,0,0,0
0,0,0,0
0,0,0,0
0,0,0,0
0,0,0,0
1760,0,75,0
176,0,0,0
0,0,0,0
96,0,0,0
0,0,0,0
0,0,0,0
0,0,0,0
0,0,0,0
1712,0,0,0
0,0,0,0
0,0,0,0
0,0,0,0
4976,0,0,0
0,0,0,0
0,0,0,0
0,0,0,0
0,0,0,0
0,0,0,0
0,0,0,0
0,0,0,0
0,0,0,0
464,0,0,0
0,0,0,0
0,0,0,0
976,0,0,0
0,0,0,0
0,0,0,0
304,0,0,0
0,0,0,0
0,0,0,0
0,0,0,0
0,0,0,0
0,0,0,0
0,0,0,0
0,0,0,0
400,0,0,0
0,0,0,0
0,0,0,0
0,0,0,0
0,0,0,0
0,0,0,0
0,0,0,0
0,0,0,0
0,0,0,0
0,0,0,0
0,0,0,0
0,0,0,0
0,0,0,0
16,0,0,0
0,0,0,0
0,0,0,0
0,0,0,0
0,0,0,0
0,0,0,0
0,0,0,0
0,0,0,0
0,0,0,0
0,0,0,0
0,0,0,0
21568,0,0,0
0,0,0,0
0,0,0,0
0,0,0,0
0,0,0,0
0,0,0,0
0,0,0,0
0,0,0,0
0,0,0,0
464,0,0,0
0,0,0,0
0,0,0,0
0,0,0,0
528,0,0,0
0,0,0,0
0,0,0,0
0,0,0,0
0,0,0,0
2688,0,0,0
0,0,0,0
224,0,0,1
0,0,0,0
2208,0,0,0
0,0,0,0
0,0,0,0
0,0,0,0
0,0,0,0
0,0,0,0
0,0,0,0
0,0,0,0
1248,0,0,0
0,0,0,0
0,0,0,0
0,0,0,0
320,1,0,0
0,0,0,0
0,0,0,0
0,0,0,0
288,0,0,0
2112,0,25,0
320,0,0,0
0,0,0,0
0,0,0,0
0,0,0,0
0,0,0,0
0,0,0,0
0,0,0,0
0,0,0,0
64,0,0,0
0,0,0,0
0,0,0,0
0,0,0,0
0,0,0,0
0,0,0,0
0,0,0,0
0,0,0,0
320,0,0,0
0,0,0,0
0,0,0,0
0,0,0,0
720,0,0,0
0,0,0,0
0,0,0,0
0,0,0,0
0,0,0,0
0,0,0,0
0,0,0,0
0,0,0,0
576,0,0,0
0,0,0,0
0,0,0,0
880,0,0,0
0,0,0,0
0,0,0,0
0,0,0,0
0,0,0,0
0,0,0,0
0,0,0,0
0,0,0,0
0,0,0,0
0,0,0,0
0,0,0,0
0,0,0,0
0,0,0,0
0,0,0,0
0,0,0,0
0,0,0,0
0,0,0,0
2752,0,50,2
0,0,0,0
0,0,0,0
0,0,0,0
3280,0,0,0
0,0,0,0
0,0,0,0
0,0,0,0
0,0,0,0
272,0,0,0
0,0,0,0
0,0,0,0
0,0,0,0
1744,0,150,0
0,0,0,0
0,0,0,0
0,0,0,0
0,0,0,0
32,0,0,0
0,0,0,0
112,0,0,0
0,0,0,0
256,0,0,0
0,0,0,0
736,0,50,0
0,0,0,0
0,0,0,0
400,0,0,0
0,0,0,0
1664,0,0,0
0,0,0,0
0,0,0,0
4416,0,50,0
0,0,0,0
0,0,0,0
0,0,0,0
0,0,0,0
320,0,0,0
0,0,0,0
1184,0,0,0
16,0,0,0
0,0,0,0
0,0,0,0
2528,0,0,0
0,0,0,0
0,0,0,0
0,0,0,0
272,0,100,0
0,0,0,0
0,0,0,0
0,0,0,0
0,0,0,0
0,0,0,0
80,0,0,0
0,0,0,0
0,0,0,0
0,0,0,0
0,0,0,0
0,0,0,0
80,0,0,0
16,0,0,0
0,0,0,0
0,0,0,0
1568,0,0,0
0,0,0,0
0,0,0,0
0,0,0,0
0,0,0,0
0,0,0,0
0,0,0,0
0,0,0,0
128,0,0,0
0,0,0,0
0,0,0,0
0,0,0,0
0,0,0,0
0,0,0,0
0,0,0,0
0,0,0,0
256,0,0,0
0,0,0,0
0,0,0,0
0,0,0,0
0,0,0,0
0,0,0,0
80,0,0,0
0,0,0,0
0,0,0,0
144,0,0,0
64,0,0,0
0,0,0,0
0,0,0,0
0,0,0,0
0,0,0,0
0,0,0,0
0,0,0,0
2112,0,0,0
23792,0,0,2
0,0,0,0
0,0,0,0
0,0,0,0
0,0,0,0
192,0,0,0
128,0,25,0
0,0,0,0
0,0,0,0
816,0,0,0
0,0,0,0
0,0,0,0
0,0,0,0
0,0,0,0
560,0,25,1
608,0,0,0
0,0,0,0
0,0,0,0
0,0,0,0
0,0,0,0
192,0,0,0
0,0,0,0
0,0,0,0
0,0,0,0
0,0,0,0
64,0,0,0
0,0,0,0
0,0,0,0
0,0,0,0
0,0,0,0
0,0,0,0
0,0,0,0
0,0,0,0
0,0,0,0
0,0,0,0
0,0,0,0
0,0,0,0
0,0,0,0
0,0,0,0
0,0,0,0
0,0,0,0
368,0,0,0
0,0,0,0
0,0,0,0
0,0,0,0
0,0,0,0
0,0,0,0
0,0,0,0
0,0,0,0
0,0,0,0
0,0,0,0
0,0,0,0
0,0,0,0
0,0,0,0
0,0,0,0
0,0,0,0
0,0,0,0
0,0,0,0
0,0,0,0
0,0,0,0
0,0,0,0
0,0,0,0
2368,0,75,0
0,0,0,0
0,0,0,0
256,0,0,0
0,0,0,0
0,0,0,0
0,0,0,0
0,0,0,0
0,0,0,0
1376,0,0,0
0,0,0,0
2000,0,25,0
0,0,0,0
0,0,0,0
0,0,0,0
0,0,0,0
0,0,0,0
976,0,0,0
0,0,0,0
0,0,0,0
0,0,0,0
0,0,0,0
704,1,25,0
0,0,0,0
0,0,0,0
1216,0,25,0
0,0,0,0
0,0,0,0
0,0,0,0
0,0,0,0
0,0,0,0
0,0,0,0
0,0,0,0
0,0,0,0
0,0,0,0
0,0,0,0
288,0,0,0
0,0,0,0
0,0,0,0
0,0,0,0
0,0,0,0
0,0,0,0
0,0,0,0
0,0,0,0
0,0,0,0
0,0,0,0
0,0,0,0
0,0,0,0
0,0,0,0
0,0,0,0
0,0,0,0
0,0,0,0
1344,1,125,3
4576,1,75,1
0,0,0,0
0,0,0,0
464,0,0,0
0,0,0,0
0,0,0,0
32,0,0,0
0,0,0,0
0,0,0,0
0,0,0,0
0,0,0,0
0,0,0,0
0,0,0,0
0,0,0,0
0,0,0,0
0,0,0,0
0,0,0,0
0,0,0,0
464,0,0,0
0,0,0,0
0,0,0,0
0,0,0,0
32,0,0,0
0,0,0,0
0,0,0,0
0,0,0,0
0,0,0,0
0,0,0,0
0,0,0,0
0,0,0,0
0,0,0,0
0,0,0,0
0,0,0,0
0,0,0,0
0,0,0,0
0,0,0,0
0,0,0,0
0,0,0,0
656,0,0,0
0,0,0,0
0,0,0,0
0,0,0,0
0,0,0,0
0,0,0,0
0,0,0,0
0,0,0,0
0,0,0,0
0,0,0,0
0,0,0,0
0,0,0,0
320,0,0,0
64,0,0,0
0,0,0,0
0,0,0,0
16,0,0,0
0,0,0,0
240,0,0,0
624,0,0,1
480,0,0,0
0,0,0,0
0,0,0,0
0,0,0,0
528,0,0,0
0,0,0,0
0,0,0,0
16,0,0,0
0,0,0,0
0,0,0,0
0,0,0,0
0,0,0,0
0,0,0,0
0,0,0,0
0,0,0,0
0,0,0,0
0,0,0,0
0,0,0,0
0,0,0,0
0,0,0,0
0,0,0,0
0,0,0,0
0,0,0,0
0,0,0,0
400,0,0,1
0,0,0,0
1280,0,50,1
0,0,0,0
0,0,0,0
0,0,0,0
1936,0,0,0
576,0,0,0
240,0,0,0
0,0,0,0
0,0,0,0
0,0,0,0
0,0,0,0
0,0,0,0
0,0,0,0
0,0,0,0
0,0,0,0
0,0,0,0
0,0,0,0
0,0,0,0
0,0,0,0
352,0,0,0
0,0,0,0
0,0,0,0
0,0,0,0
0,0,0,0
0,0,0,0
0,0,0,0
3216,0,0,0
0,0,0,0
0,0,0,0
0,0,0,0
0,0,0,0
0,0,0,0
0,0,0,0
0,0,0,0
0,0,0,0
0,0,0,0
0,0,0,0
0,0,0,0
0,0,0,0
0,0,0,0
0,0,0,0
1040,0,0,0
0,0,0,0
0,0,0,0
0,0,0,0
0,0,0,0
0,0,0,0
32,0,0,0
0,0,0,0
0,0,0,0
0,0,0,0
0,0,0,0
32,0,0,0
1120,0,25,2
0,0,0,0
0,0,0,0
0,0,0,0
224,0,0,0
0,0,0,0
0,0,0,0
6560,0,375,4
0,0,0,0
64,0,0,0
16,0,0,0
64,0,0,0
0,0,0,0
0,0,0,0
0,0,0,0
0,0,0,0
0,0,0,0
0,0,0,0
0,0,0,0
0,0,0,0
0,0,0,0
1824,0,0,0
0,0,0,0
912,0,0,0
0,0,0,0
368,0,0,0
0,0,0,0
0,0,0,0
0,0,0,0
0,0,0,0
544,0,0,0
32,0,0,0
0,0,0,0
0,0,0,0
0,0,0,0
0,0,0,0
0,0,0,0
0,0,0,0
448,0,0,0
224,0,0,0
0,1,0,1
0,0,0,0
0,0,0,0
0,0,0,0
6080,0,50,1
0,0,0,0
0,0,0,0
0,0,0,0
0,0,0,0
0,0,0,0
0,0,0,0
0,0,0,0
0,0,0,0
144,0,0,0
32,0,0,0
208,0,0,0
0,0,0,0
0,0,0,0
0,0,0,0
3760,0,0,2
0,0,0,0
0,0,0,0
0,0,0,0
608,0,0,0
0,0,0,0
0,0,0,0
192,0,0,0
0,0,0,0
0,0,0,0
0,0,0,0
160,0,0,0
0,0,0,0
0,0,0,0
32,0,0,1
0,0,0,0
0,0,0,0
0,0,0,0
0,0,0,0
0,0,0,0
16,0,0,0
432,0,0,0
464,0,0,0
0,0,0,0
0,0,0,0
0,0,0,0
0,0,0,0
0,0,0,0
0,0,0,0
0,0,0,0
0,0,0,0
0,0,0,0
0,0,0,0
0,0,0,0
0,0,0,0
3376,0,0,2
0,0,0,0
0,0,0,0
0,0,0,0
5120,0,0,3
0,0,0,0
0,0,0,0
0,0,0,0
0,0,0,0
0,0,0,0
0,0,0,0
0,0,0,0
224,0,0,0
208,0,0,0
0,0,0,0
0,0,0,0
0,0,0,0
0,0,0,0
0,0,0,0
0,0,0,0
0,0,0,0
176,0,0,4
784,0,0,0
0,0,0,0
0,0,0,0
0,0,0,0
1536,0,50,0
304,0,0,1
0,0,0,0
0,0,0,0
0,0,0,0
0,0,0,0
0,0,0,0
112,0,0,0
0,0,0,0
0,0,0,0
400,0,0,0
0,0,0,0
0,0,0,0
1568,0,0,1
0,0,0,0
0,0,0,0
0,0,0,0
0,0,0,0
496,0,125,0
4048,0,0,0
0,0,0,0
0,0,0,0
0,0,0,0
0,0,0,0
0,0,0,0
0,0,0,0
0,0,0,0
0,0,0,0
352,0,0,0
0,0,0,0
528,0,0,0
3904,0,0,0
0,0,0,0
0,0,0,0
0,0,0,0
0,0,0,0
0,0,0,0
0,0,0,0
0,0,0,0
16,0,0,0
0,0,0,0
0,0,0,0
0,0,0,0
0,0,0,0
0,0,0,0
0,0,0,0
0,0,0,0
0,0,0,0
1760,0,0,0
0,0,0,0
0,0,0,0
0,0,0,0
0,0,0,0
0,0,0,0
0,0,0,0
0,0,0,0
1760,0,0,0
16,0,0,0
0,0,0,0
0,0,0,0
1536,0,0,0
0,0,0,0
0,0,0,0
0,0,0,0
0,0,0,0
0,0,0,0
960,0,0,0
0,0,0,0
0,0,0,0
0,0,0,0
0,0,0,0
0,0,0,0
0,0,0,0
0,0,0,0
224,0,0,0
0,0,0,0
0,0,0,0
0,0,0,0
0,0,0,0
0,0,0,0
1664,0,0,0
0,0,0,0
0,0,0,0
416,0,0,1
0,0,0,0
0,0,0,0
0,0,0,0
0,0,0,0
0,0,0,0
0,0,0,0
384,0,0,0
2608,0,0,0
0,0,0,0
0,0,0,0
0,0,0,0
0,0,0,0
0,0,0,0
0,0,0,0
6864,0,125,1
0,0,0,0
560,0,0,4
32,0,0,0
0,0,0,0
1184,0,0,0
0,0,0,0
192,0,0,0
0,0,0,0
0,0,0,0
0,0,0,0
0,0,0,0
0,0,0,0
0,0,0,0
0,0,0,0
1088,0,0,0
0,0,0,0
0,0,0,0
0,0,0,0
32,0,0,0
0,0,0,0
4944,0,50,0
1312,0,0,0
0,0,0,0
0,0,0,0
0,0,0,0
0,0,0,0
0,0,0,0
0,0,0,0
0,0,0,0
304,0,0,0
0,0,0,0
0,0,0,0
0,0,0,0
0,0,0,0
48,0,0,0
0,0,0,0
0,0,0,0
0,0,0,0
0,0,0,0
0,0,0,0
0,0,0,0
224,0,0,0
64,0,0,0
0,0,0,0
0,0,0,0
0,0,0,0
0,0,0,0
192,0,0,0
0,0,0,0
0,0,0,0
0,0,0,0
560,0,25,1
0,0,0,0
0,0,0,0
0,0,0,0
0,0,0,0
0,0,0,0
0,0,0,0
0,0,0,0
0,0,0,0
0,0,0,0
0,0,0,0
0,0,0,0
0,0,0,0
0,0,0,0
0,0,0,0
0,0,0,0
0,0,0,0
0,0,0,0
0,0,0,0
0,0,0,0
0,0,0,0
0,0,0,0
0,0,0,0
0,0,0,0
0,0,0,0
0,0,0,0
0,0,0,0
0,0,0,0
0,0,0,0
0,0,0,0
0,0,0,0
0,0,0,0
0,0,0,0
0,0,0,0
0,0,0,0
16,0,0,0
688,0,50,0
0,0,0,0
0,0,0,0
0,0,0,0
0,0,0,0
0,0,0,0
0,0,0,0
0,0,0,0
32,0,0,0
1792,0,0,1
0,0,0,0
0,0,0,0
0,0,0,0
0,0,0,0
0,0,0,0
0,0,0,0
0,0,0,0
0,0,0,0
0,0,0,0
2304,0,0,1
32,0,0,0
0,0,0,0
0,0,0,0
2016,1,0,1
0,0,0,0
0,0,0,0
0,0,0,0
0,0,0,0
0,0,0,0
0,0,0,0
0,0,0,0
672,0,0,0
0,0,0,0
0,0,0,0
0,0,0,0
0,0,0,0
0,0,0,0
0,0,0,0
5792,0,0,0
0,0,0,0
0,0,0,0
1552,0,0,0
0,0,0,0
0,0,0,0
0,0,0,0
480,0,0,0
0,0,0,0
0,0,0,0
8752,0,0,0
0,0,0,0
128,0,0,0
0,0,0,0
0,0,0,0
0,0,0,0
0,0,0,0
0,0,0,0
0,0,0,0
0,0,0,0
0,0,0,0
0,0,0,0
0,0,0,0
256,0,0,0
0,0,0,0
0,0,0,0
400,0,0,0
2736,0,50,2
0,0,0,0
0,0,0,0
0,0,0,0
0,0,0,0
0,0,0,0
912,0,0,0
0,0,0,0
0,0,0,0
0,0,0,0
0,0,0,0
0,0,0,0
0,0,0,0
0,0,0,0
0,0,0,0
0,0,0,0
1216,0,0,1
0,0,0,0
1232,0,0,0
1216,0,0,0
0,0,0,0
0,0,0,0
0,0,0,0
768,0,0,0
0,0,0,0
0,0,0,0
0,0,0,0
0,0,0,0
0,0,0,0
16,0,0,0
0,0,0,0
0,0,0,0
0,0,0,0
0,0,0,0
32,0,0,0
0,0,0,0
160,0,0,0
0,0,0,0
0,0,0,0
0,0,0,0
0,0,0,0
0,0,0,0
0,0,0,0
0,0,0,0
0,0,0,0
0,0,0,0
0,0,0,0
0,0,0,0
0,0,0,0
0,0,0,0
0,0,0,0
0,0,0,0
0,0,0,0
0,0,0,0
0,0,0,0
0,0,0,0
0,0,0,0
0,0,0,0
0,0,0,0
240,0,0,0
0,0,0,0
0,0,0,0
0,0,0,0
608,0,175,0
0,0,0,0
704,0,0,0
0,0,0,0
48,0,0,1
2784,0,0,0
0,0,0,0
2976,0,25,0
0,0,0,0
0,0,0,0
0,0,0,0
0,0,0,0
0,0,0,0
0,0,0,0
0,0,0,0
1568,0,0,0
0,0,0,0
0,0,0,0
0,0,0,0
0,0,0,0
0,0,0,0
800,0,0,0
0,0,0,0
0,0,0,0
0,0,0,0
0,0,0,0
0,0,0,0
0,0,0,0
368,0,0,0
0,0,0,0
0,0,0,0
0,0,0,0
0,0,0,0
0,0,0,0
0,0,0,0
0,0,0,0
0,0,0,0
0,0,0,0
0,0,0,0
0,0,0,0
0,0,0,0
0,0,0,0
112,0,0,0
0,0,0,0
0,0,0,0
0,0,0,0
0,0,0,0
0,0,0,0
0,0,0,0
0,0,0,0
2368,0,0,0
0,0,0,0
0,0,0,0
0,0,0,0
0,0,0,0
0,0,0,0
0,0,0,0
0,0,0,0
400,0,0,0
0,0,0,0
608,0,0,0
0,0,0,0
0,0,0,0
0,0,0,0
0,0,0,0
0,0,0,0
1216,0,0,0
0,0,0,0
144,0,0,0
0,0,0,0
0,0,0,0
0,0,0,0
0,0,0,0
0,0,0,0
0,0,0,0
0,0,0,0
0,0,0,0
1600,0,0,0
0,0,0,0
0,0,0,0
880,0,25,1
0,0,0,0
0,0,0,0
1824,0,0,0
0,0,0,0
0,0,0,0
0,0,0,0
0,0,0,0
0,0,0,0
0,0,0,0
0,0,0,0
0,0,0,0
0,0,0,0
0,0,0,0
0,0,0,0
0,0,0,0
0,0,0,0
0,0,0,0
800,0,0,0
240,0,0,0
1584,0,25,1
0,0,0,0
0,0,0,0
0,0,0,0
0,0,0,0
0,0,0,0
0,0,0,0
0,0,0,0
0,0,0,0
0,0,0,0
0,0,0,0
0,0,0,0
0,0,0,0
0,0,0,0
0,0,0,0
0,0,0,0
0,0,0,0
0,0,0,0
960,0,0,0
0,0,0,0
0,0,0,0
0,0,0,0
0,0,0,0
0,0,0,0
0,0,0,0
0,0,0,0
0,0,0,0
0,0,0,0
752,0,0,0
544,0,0,0
0,0,0,0
0,0,0,0
0,0,0,0
0,0,0,0
608,0,0,0
0,0,0,0
0,0,0,0
80,0,0,0
0,0,0,0
0,0,0,0
0,0,0,0
0,0,0,0
0,0,0,0
0,0,0,0
0,0,0,0
0,0,0,0
4720,0,50,0
0,0,0,0
0,0,0,0
208,0,0,0
0,0,0,0
208,0,0,0
0,0,0,0
0,0,0,0
0,0,0,0
16,0,0,0
0,0,0,0
0,0,0,0
0,0,0,0
0,0,0,0
0,0,0,0
0,0,0,0
1216,0,0,0
0,0,0,0
0,0,0,0
432,0,0,0
0,0,0,0
656,0,0,0
0,0,0,0
0,0,0,0
0,0,0,0
0,0,0,0
0,0,0,0
0,0,0,0
0,0,0,0
0,0,0,0
0,0,0,0
352,0,0,0
0,0,0,0
0,0,0,0
0,0,0,0
288,0,0,0
0,0,0,0
0,0,0,0
0,0,0,0
0,0,0,0
0,0,0,0
0,0,0,0
16,0,0,0
0,0,0,0
0,0,0,0
0,0,0,0
0,0,0,0
0,0,0,0
0,0,0,0
0,0,0,0
0,0,0,0
4784,0,25,2
0,0,0,0
0,0,0,0
0,0,0,0
0,0,0,0
0,0,0,0
0,0,0,0
0,0,0,0
224,0,0,0
0,0,0,0
1104,0,0,0
3872,0,0,2
48,0,0,0
0,0,0,0
448,0,0,0
1792,0,0,0
0,0,0,0
0,0,0,0
16,0,0,0
0,0,0,0
0,0,0,0
0,0,0,0
0,0,0,0
1216,0,0,0
0,0,0,0
0,0,0,0
0,0,0,0
0,0,0,0
0,0,0,0
0,0,0,0
0,0,0,0
0,0,0,0
0,0,0,0
0,0,0,0
0,0,0,0
64,0,0,0
0,0,0,0
0,0,0,0
0,0,0,0
0,0,0,0
0,0,0,0
0,0,0,0
0,0,0,0
4512,0,75,0
0,0,0,0
0,0,0,0
0,0,0,0
576,0,0,0
4400,0,0,0
0,0,0,0
0,0,0,0
0,0,0,0
0,0,0,0
0,0,0,0
0,0,0,0
1008,0,0,0
96,0,0,0
0,0,0,0
0,0,0,0
0,0,0,0
0,0,0,0
0,0,0,0
0,0,0,0
0,0,0,0
0,0,0,0
0,0,0,0
0,0,0,0
0,0,0,0
176,0,0,0
0,0,0,0
1024,0,25,1
0,0,0,0
0,0,0,0
0,0,0,0
0,0,0,0
0,0,0,0
16,0,0,0
0,0,0,0
0,0,0,0
288,0,0,0
0,0,0,0
0,0,0,0
0,0,0,0
2272,0,0,0
320,0,0,0
0,0,0,0
0,0,0,0
0,0,0,0
0,0,0,0
0,0,0,0
0,0,0,0
0,0,0,0
0,0,0,0
224,0,0,0
0,0,0,0
0,0,0,0
0,0,0,0
0,0,0,0
0,0,0,0
0,0,0,0
0,0,0,0
2048,0,0,0
0,0,0,0
2032,0,0,0
0,0,0,0
0,0,0,0
0,0,0,0
0,0,0,0
0,0,0,0
0,0,0,0
1216,0,0,3
0,0,0,0
0,0,0,0
0,0,0,0
1792,0,100,0
0,0,0,0
0,0,0,0
0,0,0,0
0,0,0,0
0,0,0,0
0,0,0,0
0,0,0,0
0,0,0,0
0,0,0,0
0,0,0,0
0,0,0,0
0,0,0,0
32,0,0,0
0,0,0,0
0,0,0,0
0,0,0,0
0,0,0,0
2096,0,50,1
0,0,0,0
0,0,0,0
0,0,0,0
0,0,0,0
0,0,0,0
0,0,0,0
0,0,0,0
0,0,0,0
0,0,0,0
0,0,0,0
0,0,0,0
0,0,0,0
288,0,0,0
0,0,0,0
0,0,0,0
0,0,0,0
0,0,0,0
0,0,0,0
0,0,0,0
0,0,0,0
0,0,0,0
0,0,0,0
0,0,0,0
0,0,0,0
0,0,0,0
0,0,0,0
0,0,0,0
0,0,0,0
0,0,0,0
0,0,0,0
0,0,0,0
0,0,0,0
0,0,0,0
0,0,0,0
32,0,0,0
0,0,0,0
0,0,0,0
0,0,0,0
0,0,0,0
0,0,0,0
0,0,0,0
1104,0,25,0
0,0,0,0
0,0,0,0
0,0,0,0
0,0,0,0
16,0,0,0
0,0,0,0
0,0,0,0
0,0,0,0
0,0,0,0
0,0,0,0
0,0,0,0
0,0,0,0
0,0,0,0
0,0,0,0
0,0,0,0
0,0,0,0
0,0,0,0
0,0,0,0
96,0,0,0
0,0,0,0
0,0,0,0
0,0,0,0
0,0,0,0
0,0,0,0
0,0,0,0
0,0,0,0
0,0,0,0
592,0,0,0
0,0,0,0
0,0,0,0
0,0,0,0
0,0,0,0
0,0,0,0
0,0,0,0
0,0,0,0
0,0,0,0
0,0,0,0
672,0,0,0
0,0,0,0
0,0,0,0
0,0,0,0
528,0,0,0
0,0,0,0
1248,0,0,0
0,0,0,0
0,0,0,0
384,0,0,0
0,0,0,0
0,0,0,0
0,0,0,0
0,0,0,0
0,0,0,0
0,0,0,0
0,0,0,0
0,0,0,0
0,0,0,0
0,0,0,0
4944,0,50,1
0,0,0,0
0,0,0,0
0,0,0,0
336,0,0,0
0,0,0,0
0,0,0,0
0,0,0,0
112,0,0,0
0,0,0,0
0,0,0,0
1568,0,100,0
304,0,0,0
0,0,0,0
0,0,0,0
0,0,0,0
0,0,0,0
48,0,0,0
0,0,0,0
0,0,0,0
0,0,0,0
0,0,0,0
0,0,0,0
0,0,0,0
0,0,0,0
0,0,0,0
0,0,0,0
0,0,0,0
0,0,0,0
0,0,0,0
0,0,0,0
0,0,0,0
0,0,0,0
0,0,0,0
0,0,0,0
0,0,0,0
0,0,0,0
32,0,0,0
32,0,0,0
0,0,0,0
0,0,0,0
0,0,0,0
0,0,0,0
0,0,0,0
0,0,0,0
0,0,0,0
256,1,0,1
0,0,0,0
0,0,0,0
0,0,0,0
0,0,0,0
0,0,0,0
0,0,0,0
0,0,0,0
1760,0,0,0
0,0,0,0
0,0,0,0
0,0,0,0
0,0,0,0
0,0,0,0
0,0,0,0
0,0,0,0
0,0,0,0
0,0,0,0
0,0,0,0
0,0,0,0
0,0,0,0
0,0,0,0
16,0,0,0
32,0,0,0
0,0,0,0
0,0,0,0
0,0,0,0
0,0,0,0
0,0,0,0
0,0,0,0
0,0,0,0
0,0,0,0
0,0,0,0
496,0,0,0
0,0,0,0
0,0,0,0
0,0,0,0
848,0,0,0
3952,0,250,2
672,0,0,0
0,0,0,0
0,0,0,0
0,0,0,0
0,0,0,0
0,0,0,0
0,0,0,0
0,0,0,0
0,0,0,0
0,0,0,0
0,0,0,0
0,0,0,0
0,0,0,0
240,0,0,0
0,0,0,0
0,0,0,0
0,0,0,0
0,0,0,0
0,0,0,0
0,0,0,0
0,0,0,0
0,0,0,0
0,0,0,0
0,0,0,0
0,0,0,0
0,0,0,0
0,0,0,0
0,0,0,0
464,0,0,0
0,0,0,0
0,0,0,0
1968,0,100,0
0,0,0,0
0,0,0,0
0,0,0,0
1936,0,0,0
0,0,0,0
0,0,0,0
0,0,0,0
0,0,0,0
0,0,0,0
0,0,0,0
0,0,0,0
16,0,0,0
144,0,0,0
0,0,0,0
0,0,0,0
0,0,0,0
0,0,0,0
0,0,0,0
16,0,0,0
976,0,0,1
2560,0,25,1
0,0,0,0
192,0,0,0
48,0,0,0
0,0,0,0
0,0,0,0
0,0,0,0
0,0,0,0
16,0,0,0
0,0,0,0
0,0,0,0
0,0,0,0
0,0,0,0
0,0,0,0
0,0,0,0
0,0,0,0
0,0,0,0
0,0,0,0
0,0,0,0
0,0,0,0
80,0,0,0
0,0,0,0
32,0,0,0
480,0,0,0
0,0,0,0
0,0,0,0
0,0,0,0
0,0,0,0
0,0,0,0
0,0,0,0
0,0,0,0
0,0,0,0
336,0,0,0
0,0,0,0
0,0,0,0
0,0,0,0
3104,0,25,0
0,0,0,0
0,0,0,0
0,0,0,0
0,0,0,0
48,0,0,0
176,0,0,0
0,0,0,0
0,0,0,0
0,0,0,0
0,0,0,0
0,0,0,0
2256,0,0,0
0,0,0,0
0,0,0,0
0,0,0,0
208,0,0,0
0,0,0,0
432,0,0,0
0,0,0,0
0,0,0,0
0,0,0,0
0,0,0,0
0,0,0,0
0,0,0,0
0,0,0,0
0,0,0,0
496,0,0,0
208,0,0,0
0,0,0,0
0,0,0,0
944,0,0,0
0,0,0,0
0,0,0,0
0,0,0,0
0,0,0,0
0,0,0,0
0,0,0,0
0,0,0,0
0,0,0,0
0,0,0,0
0,0,0,0
0,0,0,0
0,0,0,0
1632,0,0,0
0,0,0,0
0,0,0,0
0,0,0,0
0,0,0,0
0,0,0,0
0,0,0,0
0,0,0,0
0,0,0,0
0,0,0,0
0,0,0,0
0,0,0,0
0,0,0,0
0,0,0,0
0,0,0,0
0,0,0,0
0,0,0,0
0,0,0,0
0,0,0,0
240,0,0,0
0,0,0,0
0,0,0,0
0,0,0,0
0,0,0,0
352,0,0,0
0,0,0,0
0,0,0,0
0,0,0,0
0,0,0,0
0,0,0,0
16,0,0,0
0,0,0,0
0,0,0,0
0,0,0,0
0,0,0,0
0,0,0,0
1744,0,0,0
0,0,0,0
0,0,0,0
2640,0,50,0
336,0,0,1
0,0,0,0
2208,0,0,0
1552,0,0,1
0,0,0,0
0,0,0,0
384,0,0,0
0,0,0,0
0,0,0,0
0,0,0,0
0,0,0,0
0,0,0,0
240,0,0,0
0,0,0,0
0,0,0,0
592,0,0,0
0,0,0,0
0,0,0,0
32,0,0,0
0,0,0,0
0,0,0,0
0,0,0,0
0,0,0,0
496,0,0,0
0,0,0,0
0,0,0,0
0,0,0,0
0,0,0,0
0,0,0,0
0,0,0,0
0,0,0,0
0,0,0,0
0,0,0,0
0,0,0,0
0,0,0,0
0,0,0,0
0,0,0,0
0,0,0,0
0,0,0,0
0,0,0,0
640,0,0,0
0,0,0,0
0,0,0,0
0,0,0,0
0,0,0,0
0,0,0,0
160,0,0,0
0,0,0,0
304,0,0,0
0,0,0,0
0,0,0,0
0,0,0,0
0,0,0,0
0,0,0,0
0,0,0,0
0,0,0,0
0,0,0,0
0,0,0,0
1360,0,0,0
192,0,0,0
0,0,0,0
0,0,0,0
0,0,0,0
0,0,0,0
0,0,0,0
880,0,0,0
0,0,0,0
0,0,0,0
0,0,0,0
0,0,0,0
0,0,0,0
0,0,0,0
8240,0,25,3
0,0,0,0
0,0,0,0
0,0,0,0
0,0,0,0
0,0,0,0
0,0,0,0
320,0,0,0
0,0,0,0
0,0,0,0
16,0,0,0
544,0,0,0
208,0,0,0
0,0,0,0
0,0,0,0
0,0,0,0
0,0,0,0
0,0,0,0
0,0,0,0
0,0,0,0
160,0,0,0
0,0,0,0
0,0,0,0
0,0,0,0
0,0,0,0
0,0,0,0
0,0,0,0
0,0,0,0
0,0,0,0
0,0,0,0
0,0,0,0
0,0,0,0
0,0,0,0
32,0,0,0
0,0,0,0
160,0,0,0
0,0,0,1
0,0,0,0
0,0,0,0
0,0,0,0
0,0,0,0
160,0,0,0
0,0,0,0
0,0,0,0
32,0,0,0
0,0,0,0
32,0,0,0
0,0,0,0
0,0,0,0
0,0,0,0
0,0,0,0
0,0,0,0
0,0,0,0
0,0,0,0
0,0,0,0
0,0,0,0
0,0,0,0
0,0,0,0
0,0,0,0
0,0,0,0
0,0,0,0
0,0,0,0
0,0,0,0
0,0,0,0
0,0,0,0
0,0,0,0
0,0,0,0
0,0,0,0
0,0,0,0
352,0,0,1
0,0,0,0
0,0,0,0
2864,0,150,0
0,0,0,0
0,0,0,0
0,0,0,0
64,0,0,0
0,0,0,0
0,0,0,0
0,0,0,0
288,0,0,0
0,0,0,0
0,0,0,0
0,0,0,0
0,0,0,0
0,0,0,0
0,0,0,0
0,0,0,0
0,0,0,0
1344,0,0,3
0,0,0,0
0,0,0,0
0,0,0,0
0,0,0,0
0,0,0,0
0,0,0,0
1008,0,0,0
0,0,0,0
1632,0,0,0
0,0,0,0
0,0,0,0
0,0,0,0
0,0,0,0
192,0,0,0
0,0,0,0
0,0,0,0
0,0,0,0
0,0,0,0
240,0,0,0
0,0,0,0
0,0,0,0
4368,1,325,5
0,0,0,0
0,0,0,0
0,0,0,0
0,0,0,0
0,0,0,0
0,0,0,0
0,0,0,0
0,0,0,0
0,0,0,0
0,0,0,0
0,0,0,0
0,0,0,0
0,0,0,0
0,0,0,0
7344,0,0,2
0,0,0,0
0,0,0,0
0,0,0,0
64,0,0,0
0,0,0,0
0,0,0,0
0,0,0,0
848,0,25,0
0,0,0,0
0,0,0,0
0,0,0,0
2688,0,0,0
0,0,0,0
0,0,0,0
0,0,0,0
416,0,0,0
0,0,0,0
0,0,0,0
0,0,0,0
0,0,0,0
0,0,0,0
0,0,0,0
0,0,0,0
0,0,0,0
0,0,0,0
0,0,0,0
0,0,0,0
624,0,0,0
0,0,0,0
0,0,0,0
0,0,0,0
0,0,0,0
0,0,0,0
592,0,0,0
0,0,0,0
0,0,0,0
0,0,0,0
0,0,0,0
0,0,0,0
0,0,0,0
0,0,0,0
0,0,0,0
0,0,0,0
0,0,0,0
0,0,0,0
336,0,0,0
0,0,0,0
0,0,0,0
32,0,0,0
0,0,0,0
0,0,0,0
0,0,0,0
16,0,0,0
0,0,0,0
0,0,0,0
0,0,0,0
1072,0,0,0
32,0,0,0
0,0,0,0
0,0,0,0
80,0,0,0
0,0,0,0
0,0,0,0
0,0,0,0
0,0,0,0
0,0,0,0
0,0,0,0
0,0,0,0
0,0,0,0
0,0,0,0
0,0,0,0
0,0,0,0
16,0,0,0
0,0,0,0
9424,0,125,2
0,0,0,0
96,0,0,0
0,0,0,0
0,0,0,0
0,0,0,0
1600,0,0,0
0,0,0,0
0,0,0,0
0,0,0,0
0,0,0,0
0,0,0,0
0,0,0,0
0,0,0,0
0,0,0,0
0,0,0,0
16,0,0,0
0,0,0,0
0,0,0,0
0,0,0,0
1920,0,0,0
0,0,0,0
0,0,0,0
0,0,0,0
0,0,0,0
0,0,0,0
0,0,0,0
384,0,0,0
16,0,0,0
384,0,25,0
0,0,0,0
0,0,0,0
0,0,0,0
0,0,0,0
0,0,0,0
32,0,0,0
0,0,0,0
2304,0,0,0
0,0,0,0
544,0,0,0
384,0,0,0
0,0,0,0
0,0,0,0
1056,0,0,0
80,0,0,1
0,0,0,0
0,0,0,0
0,0,0,0
0,0,0,0
0,0,0,0
0,0,0,0
0,0,0,0
0,0,0,0
0,0,0,0
0,0,0,0
16,0,0,0
688,0,0,0
0,0,0,0
0,0,0,0
0,0,0,0
0,0,0,1
0,0,0,0
0,0,0,0
0,0,0,0
0,0,0,0
16,0,0,0
16,0,0,1
2304,0,0,2
0,0,0,0
912,0,0,0
0,0,0,0
160,0,0,0
1728,0,25,2
720,0,0,0
0,0,0,0
0,0,0,0
0,0,0,0
0,0,0,0
0,0,0,0
720,0,0,0
0,0,0,0
0,0,0,0
0,0,0,0
0,0,0,0
0,0,0,0
0,0,0,0
0,0,0,0
1088,0,0,0
112,0,0,0
0,0,0,0
0,0,0,0
0,0,0,0
0,0,0,0
0,0,0,0
0,0,0,0
0,0,0,0
0,0,0,0
0,0,0,0
1200,0,0,0
0,0,0,0
0,0,0,0
0,0,0,0
0,0,0,0
0,0,0,0
0,0,0,0
0,0,0,0
0,0,0,0
720,0,0,0
0,0,0,0
272,0,0,0
0,0,0,0
0,0,0,0
0,0,0,0
0,0,0,0
0,0,0,0
0,0,0,0
0,0,0,0
0,0,0,0
0,0,0,0
0,0,0,0
0,0,0,0
0,0,0,0
0,0,0,0
0,0,0,0
336,0,0,0
0,0,0,0
0,0,0,0
0,0,0,0
0,0,0,0
0,0,0,0
0,0,0,0
0,0,0,0
0,0,0,0
0,0,0,0
0,0,0,0
0,0,0,0
448,0,0,0
0,0,0,0
48,0,0,0
0,0,0,0
0,0,0,0
0,0,0,0
4912,0,75,0
0,0,0,0
400,0,275,1
0,0,0,0
0,0,0,0
16,0,0,0
0,0,0,0
0,0,0,0
0,0,0,0
0,0,0,0
0,0,0,0
0,0,0,0
576,0,0,0
0,0,0,0
0,0,0,0
0,0,0,0
0,0,0,0
448,0,150,0
0,0,0,0
144,0,0,0
0,0,0,0
0,0,0,0
0,0,0,0
48,0,0,0
384,0,0,0
0,0,0,0
0,0,0,0
0,0,0,0
0,0,0,0
0,0,0,0
5408,0,0,0
0,0,0,0
0,0,0,0
0,0,0,0
0,0,0,0
1824,0,0,0
0,0,0,0
0,0,0,0
0,0,0,0
0,0,0,0
0,0,0,0
0,0,0,0
1264,0,25,0
0,0,0,0
0,0,0,0
0,0,0,0
0,0,0,0
16,0,0,0
0,0,0,0
0,0,0,0
0,0,0,0
0,0,0,0
0,0,0,0
0,0,0,0
0,0,0,0
0,0,0,0
0,0,0,0
0,0,0,0
592,0,0,0
0,0,0,0
0,0,0,0
0,0,0,0
0,0,0,0
1056,0,0,0
0,0,0,0
0,0,0,0
0,0,0,0
0,0,0,0
0,0,0,0
0,0,0,0
496,0,0,0
0,0,0,0
0,0,0,0
0,0,0,0
0,0,0,0
0,0,0,0
0,0,0,0
0,0,0,0
0,0,0,0
0,0,0,0
2096,0,0,3
240,0,0,0
32,0,0,0
288,0,0,0
0,0,0,0
0,0,0,0
0,0,0,0
0,0,0,0
0,0,0,0
48,0,0,0
0,0,0,0
0,0,0,0
0,0,0,0
0,0,0,0
0,0,0,0
0,0,0,0
176,0,0,4
0,0,0,0
0,0,0,0
0,0,0,0
880,0,25,1
0,0,0,0
0,0,0,0
0,0,0,0
0,0,0,0
0,0,0,0
0,0,0,0
320,0,0,0
0,0,0,0
0,0,0,0
0,0,0,0
0,0,0,0
0,0,0,0
0,0,0,0
0,0,0,0
0,0,0,0
6688,0,150,5
0,0,0,0
0,0,0,0
0,0,0,0
0,0,0,0
0,0,0,0
0,0,0,0
0,0,0,0
0,0,0,0
0,0,0,0
0,0,0,0
0,0,0,0
0,0,0,0
0,0,0,0
0,0,0,0
0,0,0,0
80,0,0,0
0,0,0,0
0,0,0,0
176,0,0,0
0,0,0,0
0,0,0,0
0,0,0,0
0,0,0,0
0,0,0,0
0,0,0,0
0,0,0,0
0,0,0,0
736,0,0,0
0,0,0,0
592,0,125,0
0,0,0,0
0,0,0,0
0,0,0,0
0,0,0,0
0,0,0,0
0,0,0,0
0,0,0,0
0,0,0,0
0,0,0,0
0,0,0,0
0,0,0,0
0,0,0,0
0,0,0,0
0,0,0,0
0,0,0,0
0,0,0,0
0,0,0,0
0,0,0,0
0,0,0,0
2640,0,225,0
0,0,0,0
0,0,0,0
0,0,0,0
0,0,0,0
0,0,0,0
0,0,0,0
0,0,0,0
800,0,25,0
0,0,0,0
272,0,0,0
0,0,0,0
0,0,0,0
0,0,0,0
0,0,0,0
48,0,0,1
0,0,0,0
0,0,0,0
0,0,0,0
0,0,0,0
1472,0,0,0
256,0,0,0
304,0,25,0
0,0,0,0
0,0,0,0
1264,0,0,0
0,0,0,0
0,0,0,0
0,0,0,0
0,0,0,0
0,0,0,0
0,0,0,0
0,0,0,0
0,0,0,0
0,0,0,0
0,0,0,0
0,0,0,0
0,0,0,0
0,0,0,0
0,0,0,0
0,0,0,0
240,0,0,0
0,0,0,0
64,0,0,0
10192,0,0,1
0,0,0,0
0,0,0,0
1104,0,25,0
0,0,0,0
512,0,25,0
0,0,0,0
4288,2,25,2
3616,0,0,0
1744,0,0,0
2880,0,0,0
0,0,0,0
0,0,0,0
128,0,0,0
0,0,0,0
0,0,0,0
0,0,0,0
5712,0,100,0
0,0,0,0
0,0,0,0
0,0,0,0
0,0,0,0
0,0,0,0
0,0,0,0
0,0,0,0
1776,0,50,0
0,0,0,0
16,0,0,0
1104,0,0,0
0,0,0,0
0,0,0,0
0,0,0,0
2512,0,0,0
0,0,0,0
352,0,0,0
0,0,0,0
0,0,0,0
0,0,0,0
0,0,0,0
288,0,0,0
0,0,0,0
0,0,0,0
1568,0,0,0
48,0,0,0
0,0,0,0
0,0,0,0
1216,0,0,1
240,0,0,0
0,0,0,0
208,0,0,0
0,0,0,0
0,0,0,0
0,0,0,0
0,0,0,0
0,0,0,0
15008,0,0,0
0,0,0,0
0,0,0,0
0,0,0,0
3296,0,0,0
0,0,0,0
1408,0,0,0
0,0,0,0
0,0,0,0
0,0,0,0
0,0,0,0
0,0,0,0
0,0,0,0
0,0,0,0
192,0,0,0
16,0,0,0
0,0,0,0
0,0,0,0
0,0,0,0
0,0,0,0
832,0,0,0
64,0,0,0
224,0,0,0
0,0,0,0
0,0,0,0
0,0,0,0
32,0,0,0
0,0,0,0
752,0,0,0
1600,0,0,0
64,0,0,0
0,0,0,0
0,0,0,0
0,0,0,0
0,0,0,0
0,0,0,0
0,0,0,0
0,0,0,0
0,0,0,0
0,0,0,0
0,0,0,0
128,0,0,0
0,0,0,0
1152,0,0,0
0,0,0,0
0,0,0,0
0,0,0,0
0,0,0,0
64,0,0,0
0,0,0,0
0,0,0,0
0,0,0,0
0,0,0,0
0,0,0,0
0,0,0,0
0,0,0,0
0,0,0,0
0,0,0,0
0,0,0,0
0,0,0,0
0,0,0,0
0,0,0,0
0,0,0,0
0,0,0,0
80,0,0,0
0,0,0,0
0,0,0,0
2128,0,0,0
128,0,0,0
0,0,0,0
0,0,0,0
0,0,0,0
0,0,0,0
0,0,0,0
592,0,0,0
0,0,0,0
0,0,0,0
0,0,0,0
0,0,0,0
0,0,0,0
0,0,0,0
0,0,0,0
112,0,0,0
0,0,0,0
0,0,0,0
0,0,0,0
2112,0,0,1
288,0,0,0
0,0,0,0
0,0,0,0
32,0,0,0
0,0,0,0
0,0,0,0
0,0,0,0
0,0,0,0
1232,0,0,0
0,0,0,0
0,0,0,0
0,0,0,0
0,0,0,0
0,0,0,0
0,0,0,0
0,0,0,0
0,0,0,0
992,0,0,0
0,0,0,0
0,0,0,0
0,0,0,0
0,0,0,0
0,0,0,0
0,0,0,0
0,0,0,0
0,0,0,0
0,0,0,0
0,0,0,0
768,0,0,0
0,0,0,0
0,0,0,0
0,0,0,0
0,0,0,0
1968,0,25,0
0,0,0,0
368,0,0,0
0,0,0,0
0,0,0,0
0,0,0,0
0,0,0,0
0,0,0,0
0,0,0,0
944,0,0,0
0,0,0,0
0,0,0,0
0,0,0,0
0,0,0,0
0,0,0,0
1232,0,0,0
0,0,0,0
0,0,0,0
0,0,0,0
0,0,0,0
0,0,0,0
0,0,0,0
1088,0,0,0
944,0,0,0
0,0,0,0
0,0,0,0
0,0,0,0
0,0,0,0
0,0,0,0
2288,0,0,1
2992,0,25,0
0,0,0,0
0,0,0,0
0,0,0,0
720,0,0,0
0,0,0,0
0,0,0,0
0,0,0,0
0,0,0,0
32,0,0,0
0,0,0,0
0,0,0,0
0,0,0,0
0,0,0,0
0,0,0,0
16,0,0,0
432,0,0,0
0,0,0,0
0,0,0,0
0,0,0,0
0,0,0,0
0,0,0,0
0,0,0,0
2576,0,0,0
0,0,0,0
0,0,0,0
0,0,0,0
1264,0,25,0
0,0,0,0
0,0,0,0
0,0,0,0
0,0,0,0
0,0,0,0
0,0,0,0
0,0,0,0
0,0,0,0
240,0,0,0
0,0,0,0
0,0,0,0
0,0,0,0
0,0,0,0
256,0,0,0
0,0,0,0
0,0,0,0
0,0,0,0
0,0,0,0
0,0,0,0
0,0,0,0
0,0,0,0
3584,0,75,0
0,0,0,0
1680,0,50,0
0,0,0,0
0,0,0,0
0,0,0,0
0,0,0,0
0,0,0,0
0,0,0,0
0,0,0,0
0,0,0,0
432,0,0,0
0,0,0,0
0,0,0,1
0,0,0,0
0,0,0,0
0,0,0,0
64,0,0,0
0,0,0,0
0,0,0,0
0,0,0,0
0,0,0,0
0,0,0,0
0,0,0,0
0,0,0,0
0,0,0,0
0,0,0,0
144,0,0,0
1728,0,0,0
1424,0,50,1
0,0,0,0
0,0,0,0
0,0,0,0
0,0,0,0
112,0,0,0
17424,0,25,3
0,0,0,0
0,0,0,0
0,0,0,0
0,0,0,0
0,0,0,0
0,0,0,0
0,0,0,0
0,0,0,0
0,0,0,0
0,0,0,0
240,0,0,0
0,0,0,0
416,0,0,0
0,0,0,0
0,0,0,0
0,0,0,0
0,0,0,0
0,0,0,0
0,0,0,0
80,0,0,0
240,0,0,0
0,0,0,0
0,0,0,0
0,0,0,0
0,0,0,0
0,0,0,0
0,0,0,0
0,0,0,0
0,0,0,0
832,0,0,0
304,0,0,0
0,0,0,0
0,0,0,0
1408,0,0,0
0,0,0,0
0,0,0,0
0,0,0,0
0,0,0,0
0,0,0,0
0,0,0,0
0,0,0,0
0,0,0,0
0,0,0,0
64,0,0,1
0,0,0,0
0,0,0,0
0,0,0,0
0,0,0,0
0,0,0,0
0,0,0,0
1360,0,25,1
0,0,0,0
0,0,0,0
0,0,0,0
304,0,0,0
0,0,0,0
0,0,0,0
0,0,0,0
0,0,0,0
752,0,0,0
0,0,0,0
0,0,0,0
0,0,0,0
0,0,0,0
0,0,0,0
23856,0,250,3
0,0,0,0
0,0,0,0
0,0,0,0
0,0,0,0
0,0,0,0
0,0,0,0
0,0,0,0
0,0,0,0
0,0,0,0
0,0,0,0
0,0,0,0
0,0,0,0
0,0,0,0
0,0,0,0
0,0,0,0
0,0,0,0
0,0,0,0
0,0,0,0
1328,0,0,0
0,0,0,0
16,0,0,0
368,0,0,0
0,0,0,0
0,0,0,0
0,0,0,0
1712,0,0,0
0,0,0,0
0,0,0,0
0,0,0,0
0,0,0,0
0,0,0,0
640,0,0,1
0,0,0,0
16,0,0,0
0,0,0,0
0,0,0,0
480,0,100,0
0,0,0,0
0,0,0,0
288,0,0,0
0,0,0,0
0,0,0,0
224,0,0,0
288,0,0,0
0,0,0,0
0,0,0,0
0,0,0,0
16,0,0,0
4512,0,75,0
0,0,0,0
0,0,0,0
11152,0,0,0
6064,0,75,3
0,0,0,0
0,0,0,0
0,0,0,0
0,0,0,0
0,0,0,0
0,0,0,0
1728,0,0,0
0,0,0,0
0,0,0,0
0,0,0,0
0,0,0,0
208,0,0,0
0,0,0,0
0,0,0,0
0,0,0,0
0,0,0,0
0,0,0,0
0,0,0,0
0,0,0,0
0,0,0,0
0,0,0,0
672,0,0,0
0,0,0,0
0,0,0,0
0,0,0,0
0,0,0,0
1376,0,0,6
0,0,0,0
496,0,0,0
0,0,0,0
0,0,0,0
0,0,0,0
208,0,0,0
0,0,0,0
0,0,0,0
0,0,0,0
0,0,0,0
0,0,0,0
0,0,0,0
0,0,0,0
0,0,0,0
0,0,0,0
0,0,0,0
0,0,0,0
272,0,0,0
0,0,0,0
0,0,0,0
0,0,0,0
0,0,0,0
0,0,0,0
416,0,0,0
0,0,0,0
0,0,0,0
0,0,0,0
0,0,0,0
0,0,0,0
0,0,0,0
0,0,0,0
0,0,0,0
800,0,25,0
0,0,0,0
0,0,0,0
0,0,0,0
0,0,0,0
1152,0,0,0
112,0,0,0
576,0,0,0
0,0,0,0
0,0,0,0
0,0,0,0
0,0,0,0
0,0,0,0
0,0,0,0
0,0,0,0
0,0,0,0
0,0,0,0
4784,0,25,2
0,0,0,0
192,0,0,0
6064,0,50,1
0,0,0,0
0,0,0,0
0,0,0,0
24656,0,100,0
0,0,0,0
0,0,0,0
0,0,0,0
0,0,0,0
0,0,0,0
0,0,0,0
0,0,0,0
0,0,0,0
0,0,0,0
0,0,0,0
1568,0,0,0
8032,0,50,1
112,0,0,0
0,0,0,0
0,0,0,0
1152,0,0,0
0,0,0,0
0,0,0,0
1232,0,0,0
0,0,0,0
0,0,0,0
576,0,0,0
0,0,0,0
0,0,0,0
0,0,0,0
0,0,0,0
0,0,0,0
0,0,0,0
0,0,0,0
0,0,0,0
16,0,0,0
0,0,0,0
2096,0,0,0
0,0,0,0
0,0,0,0
0,0,0,0
368,0,0,0
0,0,0,0
0,0,0,0
0,0,0,0
0,0,0,0
0,0,0,0
256,1,0,1
0,0,0,0
0,0,0,0
0,0,0,0
48,0,0,0
0,0,0,0
0,0,0,0
832,0,25,0
0,0,0,0
0,0,0,0
816,0,0,0
0,0,0,0
0,0,0,0
0,0,0,0
16,0,0,0
0,0,0,0
0,0,0,0
0,0,0,0
0,0,0,0
0,0,0,0
0,0,0,0
0,0,0,0
208,0,0,0
0,0,0,0
768,0,0,0
432,0,0,0
0,0,0,0
0,0,0,0
0,0,0,0
0,0,0,0
512,0,0,0
0,0,0,0
0,0,0,0
0,0,0,0
0,0,0,0
0,0,0,0
0,0,0,0
816,0,0,0
0,0,0,0
0,0,0,0
0,0,0,0
0,0,0,0
0,0,0,0
0,0,0,0
0,0,0,0
0,0,0,0
0,0,0,0
0,0,0,0
0,0,0,0
0,0,0,0
176,0,0,0
0,0,0,0
0,0,0,0
672,0,0,0
0,0,0,0
0,0,0,0
0,0,0,0
0,0,0,0
0,0,0,0
208,0,0,0
0,0,0,0
2688,0,100,0
0,0,0,0
0,0,0,0
0,0,0,0
0,0,0,0
3776,0,25,0
0,0,0,0
0,0,0,0
0,0,0,0
0,0,0,0
0,0,0,0
0,0,0,0
0,0,0,0
0,0,0,0
0,0,0,0
0,0,0,0
0,0,0,0
0,0,0,0
0,0,0,0
0,0,0,0
0,0,0,0
0,0,0,0
480,0,0,0
0,0,0,0
0,0,0,0
0,0,0,0
0,0,0,0
0,0,0,0
0,0,0,0
240,0,0,0
0,0,0,0
832,0,0,0
0,0,0,0
0,0,0,0
0,0,0,0
0,0,0,0
0,0,0,0
0,0,0,0
240,0,0,0
0,0,0,0
0,0,0,0
48,0,0,0
0,0,0,0
0,0,0,0
0,0,0,0
0,0,0,0
0,0,0,0
0,0,0,0
0,0,0,0
80,0,0,0
368,0,0,0
192,0,0,0
0,0,0,0
0,0,0,0
0,0,0,0
1792,0,0,0
0,0,0,0
0,0,0,0
0,0,0,0
0,0,0,0
0,0,0,0
0,0,0,0
0,0,0,0
112,0,0,0
0,0,0,0
0,0,0,0
0,0,0,0
0,0,0,0
0,0,0,0
0,0,0,0
2032,0,0,1
0,0,0,0
0,0,0,0
48,0,0,0
0,0,0,0
0,0,0,0
0,0,0,0
0,0,0,0
0,0,0,0
176,0,0,0
0,0,0,0
0,0,0,0
0,0,0,0
32,0,0,0
0,0,0,0
80,0,0,0
0,0,0,0
0,0,0,0
0,0,0,0
0,0,0,0
0,0,0,0
0,0,0,0
0,0,0,0
0,0,0,0
0,0,0,0
0,0,0,0
0,0,0,0
0,0,0,0
0,0,0,0
0,0,0,0
0,0,0,0
0,0,0,0
0,0,0,0
0,0,0,0
720,1,125,3
0,0,0,0
560,0,0,0
0,0,0,0
0,0,0,0
0,0,0,0
0,0,0,0
0,0,0,0
0,0,0,0
0,0,0,0
0,0,0,0
0,0,0,0
0,0,0,0
176,0,0,0
0,0,0,0
0,0,0,0
0,0,0,0
0,0,0,0
0,0,0,0
416,0,0,0
0,0,0,0
0,0,0,0
2048,0,0,0
0,0,0,0
0,0,0,0
0,0,0,0
16,0,0,0
656,0,0,0
2656,0,0,1
736,0,0,0
0,0,0,0
0,0,0,0
0,0,0,0
0,0,0,0
0,0,0,0
0,0,0,0
0,0,0,0
0,0,0,0
0,0,0,0
0,0,0,0
0,0,0,0
0,0,0,0
0,0,0,0
0,0,0,0
0,0,0,0
0,0,0,0
0,0,0,0
0,0,0,0
0,0,0,0
0,0,0,0
2576,0,25,0
0,0,0,0
1344,0,0,0
240,0,0,0
0,0,0,0
0,0,0,0
0,0,0,0
0,0,0,0
96,0,0,0
0,0,0,0
0,0,0,0
0,0,0,0
0,0,0,0
0,0,0,0
0,0,0,0
0,0,0,0
0,0,0,0
0,0,0,0
0,0,0,0
0,0,0,0
0,0,0,0
0,0,0,0
0,0,0,0
0,0,0,0
0,0,0,0
16,0,0,0
0,0,0,0
0,0,0,0
2096,1,25,2
16,0,0,0
0,0,0,0
0,0,0,0
0,0,0,0
0,0,0,0
0,0,0,0
0,0,0,0
0,0,0,0
0,0,0,0
736,0,0,0
48,0,0,0
0,0,0,0
0,0,0,0
0,0,0,0
0,0,0,0
0,0,0,0
0,0,0,0
320,0,0,0
0,0,0,0
1264,0,0,0
0,0,0,0
0,0,0,0
0,0,0,0
0,0,0,0
0,0,0,0
0,0,0,0
0,0,0,0
0,0,0,0
0,0,0,0
0,0,0,0
0,0,0,0
0,0,0,0
0,0,0,0
0,0,0,0
0,0,0,0
48,0,0,0
0,0,0,0
0,0,0,0
0,0,0,0
0,0,0,0
0,0,0,0
0,0,0,0
720,0,0,0
0,0,0,0
1632,0,25,0
0,0,0,0
0,0,0,0
0,0,0,0
0,0,0,0
0,0,0,0
1376,0,0,1
0,0,0,0
0,0,0,0
0,0,0,0
0,0,0,0
0,0,0,0
0,0,0,0
0,0,0,0
0,0,0,0
0,0,0,0
0,0,0,0
0,0,0,0
0,0,0,0
0,0,0,0
0,0,0,0
64,0,0,0
0,0,0,0
0,0,0,0
0,0,0,0
592,0,0,0
0,0,0,0
0,0,0,0
0,0,0,0
0,0,0,0
2352,0,50,0
0,0,0,0
0,0,0,0
624,0,0,0
0,0,0,0
592,0,0,1
528,0,0,0
0,0,0,0
0,0,0,0
0,0,0,0
0,0,0,0
1424,0,0,0
416,0,0,0
0,0,0,0
0,0,0,0
0,0,0,0
0,0,0,0
0,0,0,0
464,0,0,0
0,0,0,0
1616,0,0,0
0,0,0,0
0,0,0,0
0,0,0,0
0,0,0,0
0,0,0,0
8144,0,0,0
0,0,0,0
0,0,0,0
1664,0,0,0
0,0,0,0
6992,0,300,0
0,0,0,0
0,0,0,0
0,0,0,0
848,0,0,1
48,0,0,0
0,0,0,0
0,0,0,0
0,0,0,0
0,0,0,0
0,0,0,0
0,0,0,0
0,0,0,0
0,0,0,0
1264,0,0,0
0,0,0,0
528,0,0,0
0,0,0,0
0,0,0,0
0,0,0,0
0,0,0,0
0,0,0,0
0,0,0,0
3344,0,0,0
0,0,0,0
0,0,0,0
0,0,0,0
0,0,0,0
0,0,0,0
0,0,0,0
624,0,0,0
0,0,0,0
0,0,0,0
0,0,0,0
0,0,0,0
0,0,0,0
32,0,0,0
0,0,0,0
0,0,0,0
0,0,0,0
0,0,0,0
0,0,0,0
0,0,0,0
0,0,0,0
0,0,0,0
608,0,0,0
0,0,0,0
0,0,0,0
0,0,0,0
0,0,0,0
0,0,0,0
0,0,0,0
0,0,0,0
0,0,0,0
0,0,0,0
0,0,0,0
304,0,0,1
0,0,0,0
640,1,0,0
8960,0,75,2
0,0,0,0
0,0,0,0
0,0,0,0
0,0,0,0
1040,0,0,0
688,0,75,0
0,0,0,0
1008,0,0,0
0,0,0,0
0,0,0,0
0,0,0,0
0,0,0,0
0,0,0,0
0,0,0,0
0,0,0,0
608,0,0,0
1168,0,0,1
0,0,0,0
0,0,0,0
0,0,0,0
0,0,0,0
0,0,0,0
0,0,0,0
0,0,0,0
96,0,0,0
1520,0,0,0
352,0,0,0
0,0,0,0
0,0,0,0
0,0,0,0
0,0,0,0
96,0,0,0
0,0,0,0
0,0,0,0
160,0,0,0
0,0,0,0
0,0,0,0
0,0,0,0
0,0,0,0
0,0,0,0
0,0,0,0
0,0,0,0
0,0,0,0
0,0,0,0
688,0,0,0
0,0,0,0
0,0,0,0
0,0,0,0
0,0,0,0
0,0,0,0
192,0,0,0
0,0,0,0
0,0,0,0
0,0,0,0
0,0,0,0
128,0,0,0
0,0,0,0
0,0,0,0
16,0,0,0
0,0,0,0
0,0,0,0
0,0,0,0
880,0,0,0
0,0,0,0
0,0,0,0
0,0,0,0
0,0,0,0
0,0,0,0
0,0,0,0
0,0,0,0
0,0,0,0
0,0,0,0
0,0,0,0
0,0,0,0
0,0,0,0
240,0,0,0
0,0,0,0
176,0,0,0
272,0,0,0
960,0,0,2
0,0,0,0
0,0,0,0
0,0,0,0
0,0,0,0
48,0,0,0
0,0,0,0
0,0,0,0
0,0,0,0
19072,0,50,2
0,0,0,0
0,0,0,0
0,0,0,0
0,0,0,0
0,0,0,0
0,0,0,0
0,0,0,0
160,0,0,0
832,0,175,3
0,0,0,0
0,0,0,0
0,0,0,0
928,0,0,0
0,0,0,0
0,0,0,0
0,0,0,0
0,0,0,0
0,0,0,0
16,0,0,0
0,0,0,0
192,0,0,1
0,0,0,0
0,0,0,0
0,0,0,0
0,0,0,0
0,0,0,0
0,0,0,0
0,0,0,0
0,0,0,0
0,0,0,0
3760,2,0,2
0,0,0,0
0,0,0,0
0,0,0,0
0,0,0,0
0,0,0,0
0,0,0,0
0,0,0,0
0,0,0,0
416,0,0,0
256,0,0,0
0,0,0,0
0,0,0,0
528,0,0,0
784,0,0,0
0,0,0,0
0,0,0,0
0,0,0,1
544,0,0,0
0,0,0,0
0,0,0,0
0,0,0,0
0,0,0,0
0,0,0,0
0,0,0,0
0,0,0,0
0,0,0,0
352,0,0,0
816,0,275,1
0,0,0,0
0,0,0,0
0,0,0,0
0,0,0,0
1472,0,0,0
0,0,0,0
0,0,0,0
0,0,0,0
0,0,0,0
0,0,0,0
0,0,0,0
192,0,0,0
752,0,0,1
0,0,0,0
0,0,0,0
0,0,0,0
0,0,0,0
0,0,0,0
0,0,0,0
0,0,0,0
0,0,0,0
0,0,0,0
0,0,0,0
0,0,0,0
304,0,25,0
656,0,0,0
0,0,0,0
2176,0,0,0
0,0,0,0
0,0,0,0
912,0,0,0
32,0,0,0
0,0,0,0
0,0,0,0
0,0,0,0
0,0,0,0
0,0,0,0
0,0,0,0
1216,0,0,0
0,0,0,0
0,0,0,0
0,0,0,0
0,0,0,0
0,0,0,0
0,0,0,0
0,0,0,0
0,0,0,0
0,0,0,0
0,0,0,0
0,0,0,0
0,0,0,0
0,0,0,0
0,0,0,0
0,0,0,0
0,0,0,0
0,0,0,0
1344,0,0,1
0,0,0,0
0,0,0,0
0,0,0,0
0,0,0,0
0,0,0,0
0,0,0,0
0,0,0,0
0,0,0,0
0,0,0,0
0,0,0,0
0,0,0,0
0,0,0,0
0,0,0,0
0,0,0,0
0,0,0,0
0,0,0,0
0,0,0,0
0,0,0,0
288,0,0,0
0,0,0,0
0,0,0,0
0,0,0,0
16,0,0,0
0,0,0,0
32,0,0,0
496,0,0,0
0,0,0,0
0,0,0,0
0,0,0,0
0,0,0,0
0,0,0,0
0,0,0,0
0,0,0,0
0,0,0,0
0,0,0,0
0,0,0,0
144,0,0,0
0,0,0,0
0,0,0,0
0,0,0,0
0,0,0,0
224,0,0,1
0,0,0,0
0,0,0,0
336,0,0,0
16,0,0,0
0,0,0,0
0,0,0,0
0,0,0,0
32,0,0,0
0,0,0,0
0,0,0,0
240,0,0,0
0,0,0,0
0,0,0,0
0,0,0,0
0,0,0,0
0,0,0,0
0,0,0,0
32,0,0,0
0,0,0,0
3152,1,75,1
1280,0,0,0
1056,0,175,0
464,0,0,0
0,0,0,0
0,0,0,0
2464,0,75,3
0,0,0,0
0,0,0,0
0,0,0,0
0,0,0,0
0,0,0,0
736,0,0,6
496,0,0,0
0,0,0,0
0,0,0,0
0,0,0,0
0,0,0,0
0,0,0,0
0,0,0,0
320,0,0,0
592,0,0,0
0,0,0,0
400,0,25,0
0,0,0,0
0,0,0,0
0,0,0,0
0,0,0,0
0,0,0,0
0,0,0,0
0,0,0,0
0,0,0,0
0,0,0,0
0,0,0,0
32,0,0,0
0,0,0,0
0,0,0,0
7792,0,0,1
0,0,0,0
0,0,0,0
0,0,0,0
0,0,0,0
0,0,0,0
128,0,0,1
0,0,0,0
0,0,0,0
0,0,0,0
0,0,0,0
0,0,0,0
0,0,0,0
0,0,0,0
0,0,0,0
0,0,0,0
0,0,0,0
0,0,0,0
0,0,0,0
320,0,0,0
0,0,0,0
0,0,0,0
0,0,0,0
0,0,0,0
0,0,0,0
3232,0,0,1
0,0,0,0
0,0,0,0
0,0,0,0
1776,0,0,0
32,0,0,0
0,0,0,0
112,0,25,0
912,0,0,0
0,0,0,0
0,0,0,0
0,0,0,0
0,0,0,0
0,0,0,0
0,0,0,0
0,0,0,0
128,0,0,0
832,0,25,0
0,0,0,0
0,0,0,0
0,0,0,0
0,0,0,0
0,0,0,0
0,0,0,0
608,0,175,0
0,0,0,0
0,0,0,0
0,0,0,0
0,0,0,0
16,0,0,0
0,0,0,0
0,0,0,0
16,0,0,0
560,0,0,0
0,0,0,0
0,0,0,0
16,0,0,0
0,0,0,0
0,0,0,0
0,0,0,0
0,0,0,0
0,0,0,0
176,0,0,0
0,0,0,0
496,0,0,0
0,0,0,0
0,0,0,0
0,0,0,0
112,0,0,0
0,0,0,0
0,0,0,0
0,0,0,0
0,0,0,0
1792,0,0,0
96,0,0,0
0,0,0,0
0,0,0,0
0,0,0,0
0,0,0,0
0,0,0,0
0,0,0,0
0,0,0,0
0,0,0,0
0,0,0,0
0,0,0,0
0,0,0,0
0,0,0,0
0,0,0,0
0,0,0,0
0,0,0,0
208,0,0,0
0,0,0,0
0,0,0,0
288,0,0,0
0,0,0,0
0,0,0,0
0,0,0,0
0,0,0,0
0,0,0,0
64,0,0,0
0,0,0,0
0,0,0,0
0,0,0,0
0,0,0,0
0,0,0,0
0,0,0,0
0,0,0,0
0,0,0,0
0,0,0,0
0,0,0,0
0,0,0,0
0,0,0,0
32,0,0,0
0,0,0,0
0,0,0,0
0,0,0,0
0,0,0,0
0,0,0,0
0,0,0,0
4608,0,0,0
0,0,0,0
0,0,0,0
512,0,0,0
0,0,0,0
0,0,0,0
0,0,0,0
0,0,0,0
0,0,0,0
0,0,0,0
1872,0,175,3
0,0,0,0
0,0,0,0
0,0,0,0
0,0,0,0
0,0,0,0
0,0,0,0
0,0,0,0
0,0,0,0
0,0,0,0
0,0,0,0
0,0,0,0
0,0,0,0
2272,0,50,0
1152,0,0,0
0,0,0,0
368,0,0,0
0,0,0,0
0,0,0,0
0,0,0,0
16,0,0,0
0,0,0,0
0,0,0,0
0,0,0,0
0,0,0,0
768,0,0,0
0,0,0,0
0,0,0,0
0,0,0,0
0,0,0,0
0,0,0,0
0,0,0,0
0,0,0,0
0,0,0,0
0,0,0,0
0,0,0,0
0,0,0,0
0,0,0,0
608,0,0,0
0,0,0,0
0,0,0,0
0,0,0,0
0,0,0,0
0,0,0,0
0,0,0,0
3600,1,0,0
0,0,0,0
0,0,0,0
0,0,0,0
0,0,0,0
0,0,0,0
0,0,0,0
672,0,25,1
112,0,0,0
0,0,0,0
0,0,0,0
0,0,0,0
0,0,0,0
1792,0,0,0
0,0,0,0
0,0,0,0
16,0,0,0
0,0,0,0
0,0,0,0
0,0,0,0
0,0,0,0
0,0,0,0
0,0,0,0
0,0,0,0
0,0,0,0
0,0,0,0
0,0,0,0
0,0,0,0
0,0,0,0
0,0,0,0
0,0,0,0
0,0,0,0
0,0,0,0
0,0,0,0
0,0,0,0
0,0,0,0
0,0,0,0
0,0,0,0
0,0,0,0
224,0,0,0
0,0,0,0
0,0,0,0
0,0,0,0
0,0,0,0
0,0,0,0
624,0,0,0
240,0,0,0
0,0,0,0
0,0,0,0
0,0,0,0
0,0,0,0
576,0,0,0
0,0,0,0
0,0,0,0
0,0,0,0
0,0,0,0
0,0,0,0
0,0,0,0
0,0,0,0
0,0,0,0
0,0,0,0
0,0,0,0
560,0,0,0
0,0,0,0
0,0,0,0
0,0,0,0
0,0,0,0
0,0,0,0
672,0,0,0
0,0,0,0
0,0,0,0
0,0,0,0
0,0,0,0
112,0,0,0
0,0,0,0
0,0,0,0
0,0,0,0
0,0,0,0
0,0,0,0
176,0,0,0
0,0,0,0
0,0,0,0
0,0,0,0
0,0,0,0
0,0,0,0
0,0,0,0
800,0,25,0
0,0,0,0
480,0,0,0
0,0,0,0
0,0,0,0
9024,0,75,0
0,0,0,0
0,0,0,0
2208,0,0,0
2688,0,25,0
0,0,0,0
1328,0,25,0
720,0,0,0
944,0,0,0
0,0,0,0
0,0,0,0
160,0,0,0
0,0,0,0
592,0,0,0
0,0,0,0
0,0,0,0
0,0,0,0
272,0,0,0
0,0,0,0
0,0,0,0
0,0,0,0
0,0,0,0
0,0,0,0
1392,0,0,0
0,0,0,0
0,0,0,0
0,0,0,0
0,0,0,0
0,0,0,0
0,0,0,0
0,0,0,0
0,0,0,0
0,0,0,0
0,0,0,0
0,0,0,0
0,0,0,0
0,0,0,0
704,0,0,0
0,0,0,0
2032,0,25,2
0,0,0,0
0,0,0,0
0,0,0,0
0,0,0,0
0,0,0,0
0,0,0,0
0,0,0,0
0,0,0,0
0,0,0,0
0,0,0,0
0,0,0,0
0,0,0,0
400,0,0,0
0,0,0,0
0,0,0,0
0,0,0,0
0,0,0,0
1456,0,0,0
576,0,0,0
2176,0,0,0
0,0,0,0
0,0,0,0
0,0,0,0
0,0,0,0
0,0,0,0
2272,0,25,0
0,0,0,0
0,0,0,0
0,0,0,0
0,0,0,0
0,0,0,0
16,0,0,0
192,0,0,0
320,0,0,0
0,0,0,0
0,0,0,0
0,0,0,0
0,0,0,0
0,0,0,0
0,0,0,0
0,0,0,0
0,0,0,0
0,0,0,0
32,0,0,0
0,0,0,0
0,0,0,0
0,0,0,0
0,0,0,0
2272,0,0,0
0,0,0,0
0,0,0,0
0,0,0,0
0,0,0,0
0,0,0,0
0,0,0,0
0,0,0,0
0,0,0,0
160,0,0,0
1376,0,0,0
0,0,0,0
0,0,0,0
0,0,0,0
0,0,0,0
16,0,0,0
0,0,0,0
0,0,0,0
0,0,0,0
0,0,0,0
1680,0,0,0
0,0,0,0
0,0,0,0
704,0,0,0
0,0,0,0
0,0,0,0
0,0,0,0
0,0,0,0
0,0,0,0
0,0,0,0
0,0,0,0
0,0,0,0
0,0,0,0
0,0,0,0
0,0,0,0
0,0,0,0
0,0,0,0
0,0,0,0
0,0,0,0
0,0,0,0
304,0,0,0
0,0,0,0
0,0,0,0
0,0,0,0
592,0,0,0
0,0,0,0
0,0,0,0
352,0,0,0
0,0,0,0
608,0,0,0
0,0,0,0
0,0,0,0
0,0,0,0
0,0,0,0
0,0,0,0
0,0,0,0
0,0,0,0
0,0,0,0
0,0,0,0
0,0,0,0
0,0,0,0
0,0,0,0
0,0,0,0
0,0,0,0
96,0,0,0
0,0,0,0
1408,0,0,0
0,0,0,0
528,0,0,0
0,0,0,0
816,0,0,0
0,0,0,0
32,0,0,0
0,0,0,0
0,0,0,0
0,0,0,0
0,0,0,0
0,0,0,0
0,0,0,0
0,0,0,0
0,0,0,0
240,0,0,0
0,0,0,0
0,0,0,0
0,0,0,0
0,0,0,0
0,0,0,0
0,0,0,0
0,0,0,0
0,0,0,0
0,0,0,0
0,0,0,0
0,0,0,0
0,0,0,0
0,0,0,0
0,0,0,0
0,0,0,0
0,0,0,0
0,0,0,0
192,0,0,0
0,0,0,0
0,0,0,0
0,0,0,0
0,0,0,0
0,0,0,0
0,0,0,0
0,0,0,0
0,0,0,0
0,0,0,0
0,0,0,0
0,0,0,0
1200,0,50,0
0,0,0,0
0,0,0,0
0,0,0,0
288,0,0,0
0,0,0,0
0,0,0,0
0,0,0,0
0,0,0,0
0,0,0,0
0,0,0,0
0,0,0,0
0,0,0,0
0,0,0,0
192,0,0,6
0,0,0,0
0,0,0,0
0,0,0,0
0,0,0,0
0,0,0,0
0,0,0,0
0,0,0,0
0,0,0,0
0,0,0,0
0,0,0,0
0,0,0,0
0,0,0,0
0,0,0,0
0,0,0,0
0,0,0,0
0,0,0,0
0,0,0,0
0,0,0,0
0,0,0,0
0,0,0,0
0,0,0,0
0,0,0,0
0,0,0,0
0,0,0,0
0,0,0,0
0,0,0,0
0,0,0,0
0,0,0,0
0,0,0,0
0,0,0,0
0,0,0,0
0,0,0,0
0,0,0,0
2288,0,175,0
0,0,0,0
0,0,0,0
0,0,0,0
0,0,0,0
0,0,0,0
1024,0,0,1
0,0,0,0
0,0,0,0
528,0,100,0
0,0,0,0
0,0,0,0
0,0,0,0
0,0,0,0
0,0,0,0
6784,0,0,0
0,0,0,0
0,0,0,0
0,0,0,0
0,0,0,0
0,0,0,0
80,0,0,0
0,0,0,0
0,0,0,0
0,0,0,0
0,0,0,0
112,0,0,0
1696,0,50,2
352,0,0,0
0,0,0,0
224,0,0,0
0,0,0,0
0,0,0,0
0,0,0,0
0,0,0,0
0,0,0,0
0,0,0,0
0,0,0,0
0,0,0,0
0,0,0,0
0,0,0,0
0,0,0,0
0,0,0,0
0,0,0,0
384,0,0,1
0,0,0,0
0,0,0,0
0,0,0,0
0,0,0,0
0,0,0,0
80,0,0,0
0,0,0,0
0,0,0,0
2256,0,25,0
0,0,0,0
0,0,0,0
0,0,0,0
400,0,0,0
0,0,0,0
0,0,0,0
0,0,0,0
0,0,0,0
0,0,0,0
944,0,0,0
0,0,0,0
0,0,0,0
0,0,0,0
128,0,0,0
0,0,0,0
0,0,0,0
0,0,0,0
608,0,0,0
0,0,0,0
0,0,0,0
0,0,0,0
672,0,0,0
0,0,0,0
0,0,0,0
3872,0,25,3
0,0,0,0
0,0,0,0
0,0,0,0
0,0,0,0
0,0,0,0
0,0,0,0
0,0,0,0
0,0,0,0
0,0,0,0
0,0,0,0
304,0,25,0
0,0,0,0
0,0,0,0
0,0,0,0
0,0,0,0
0,0,0,0
0,0,0,0
0,0,0,0
0,0,0,0
0,0,0,0
1520,0,0,0
0,0,0,0
0,0,0,0
0,0,0,0
0,0,0,0
0,0,0,0
0,0,0,0
0,0,0,0
0,0,0,0
0,0,0,0
0,0,0,0
0,0,0,0
1584,0,25,1
0,0,0,0
0,0,0,0
0,0,0,0
10544,0,325,2
0,0,0,0
528,0,0,0
0,0,0,0
0,0,0,0
0,0,0,0
0,0,0,0
112,0,0,0
352,0,0,0
0,0,0,0
160,0,0,0
0,0,0,0
112,0,0,0
0,0,0,0
0,0,0,0
0,0,0,0
0,0,0,0
320,0,0,0
0,0,0,0
0,0,0,0
0,0,0,0
0,0,0,0
528,0,0,0
0,0,0,0
1040,0,0,0
0,0,0,0
688,0,0,0
0,0,0,0
0,0,0,0
0,0,0,0
1024,0,150,0
0,0,0,0
0,0,0,0
0,0,0,0
0,0,0,0
0,0,0,0
0,0,0,0
0,0,0,0
0,0,0,0
320,0,0,0
0,0,0,0
2624,0,0,0
0,0,0,0
0,0,0,0
0,0,0,0
1344,0,0,0
0,0,0,0
0,0,0,0
0,0,0,0
0,0,0,0
0,0,0,0
0,0,0,0
0,0,0,0
0,0,0,0
112,0,0,0
0,0,0,0
32,0,0,0
0,0,0,0
0,0,0,0
0,0,0,0
0,0,0,0
0,0,0,0
0,0,0,0
0,0,0,0
0,0,0,0
4336,0,25,1
0,0,0,0
0,0,0,0
0,0,0,0
0,0,0,0
0,0,0,0
0,0,0,0
0,0,0,0
0,0,0,0
0,0,0,0
0,0,0,0
1840,0,0,0
0,0,0,0
0,0,0,0
0,0,0,0
0,0,0,0
0,0,0,0
0,0,0,0
2256,0,0,1
0,0,0,0
32,0,0,0
0,0,0,0
0,0,0,0
0,0,0,0
16,0,0,0
0,0,0,0
928,0,0,0
1664,0,0,2
0,0,0,0
0,0,0,0
0,0,0,0
0,0,0,0
0,0,0,0
0,0,0,0
0,0,0,0
0,0,0,0
0,0,0,0
0,0,0,0
0,0,0,0
0,0,0,0
0,0,0,0
0,0,0,0
0,0,0,0
592,0,0,0
0,0,0,0
0,0,0,0
0,0,0,0
0,0,0,0
0,0,0,0
3184,0,75,0
0,0,0,0
0,0,0,0
64,0,0,0
0,0,0,0
0,0,0,0
0,0,0,0
0,0,0,0
0,0,0,0
2240,0,0,0
0,0,0,0
0,0,0,0
1232,0,50,0
0,0,0,0
0,0,0,0
0,0,0,0
0,0,0,0
0,0,0,0
0,0,0,0
0,0,0,0
0,0,0,0
0,0,0,0
0,0,0,0
0,0,0,0
0,0,0,0
0,0,0,0
0,0,0,0
304,0,0,0
0,0,0,0
0,0,0,0
96,0,0,0
0,0,0,0
0,0,0,0
0,0,0,0
144,0,0,0
0,0,0,0
32,0,0,0
0,0,0,0
0,0,0,0
16,0,0,0
0,0,0,0
0,0,0,0
0,0,0,0
1376,0,0,0
1104,0,0,0
0,0,0,0
16,0,0,0
0,0,0,0
0,0,0,0
0,0,0,0
0,0,0,0
512,0,0,0
0,0,0,0
0,0,0,0
0,0,0,0
0,0,0,0
0,0,0,0
0,0,0,0
0,0,0,0
0,0,0,0
0,0,0,0
0,0,0,0
0,0,0,0
0,0,0,0
576,0,0,0
0,0,0,0
0,0,0,0
0,0,0,0
0,0,0,0
0,0,0,0
0,0,0,0
0,0,0,0
0,0,0,0
0,0,0,0
0,0,0,0
7488,0,150,0
0,0,0,0
0,0,0,0
0,0,0,0
0,0,0,0
0,0,0,0
0,0,0,0
928,0,0,0
0,0,0,0
0,0,0,0
960,0,0,0
496,0,0,0
0,0,0,0
0,0,0,0
0,0,0,0
0,0,0,0
0,0,0,0
0,0,0,0
0,0,0,0
0,0,0,0
80,0,0,1
0,0,0,0
0,0,0,0
16,0,0,0
0,0,0,0
2640,0,0,0
2672,0,25,0
208,0,0,0
0,0,0,0
144,0,0,0
0,0,0,0
0,0,0,0
0,0,0,0
0,0,0,0
0,0,0,0
7056,1,75,1
0,0,0,0
0,0,0,0
0,0,0,0
0,0,0,0
368,0,0,0
0,0,0,0
0,0,0,0
0,0,0,0
0,0,0,0
1584,0,25,0
0,0,0,0
0,0,0,0
0,0,0,0
0,0,0,0
0,0,0,0
0,0,0,0
0,0,0,0
0,0,0,0
0,0,0,0
0,0,0,0
0,0,0,0
80,0,0,0
0,0,0,0
0,0,0,0
0,0,0,0
0,0,0,0
0,0,0,0
640,0,0,0
0,0,0,0
0,0,0,0
0,0,0,0
0,0,0,0
224,0,0,0
1424,0,0,0
0,0,0,0
0,0,0,0
2544,0,0,0
0,0,0,0
0,0,0,0
0,0,0,0
0,0,0,0
464,0,0,0
3824,0,125,0
0,0,0,0
0,0,0,0
576,0,0,0
0,0,0,0
0,0,0,0
0,0,0,0
0,0,0,0
0,0,0,0
0,0,0,0
0,0,0,0
0,0,0,0
0,0,0,0
0,0,0,0
0,0,0,0
0,0,0,0
0,0,0,0
0,0,0,0
0,0,0,0
0,0,0,0
0,0,0,0
0,0,0,0
2640,0,0,1
0,0,0,0
0,0,0,0
0,0,0,0
0,0,0,0
0,0,0,0
0,0,0,0
0,0,0,0
4592,0,0,0
416,0,0,0
0,0,0,0
0,0,0,0
0,0,0,0
0,0,0,0
1120,0,0,0
0,0,0,0
0,0,0,0
0,0,0,0
0,0,0,0
0,0,0,0
80,0,0,0
0,0,0,0
0,0,0,0
1888,0,0,0
0,0,0,0
0,0,0,0
0,0,0,0
0,0,0,0
4000,0,25,1
0,0,0,0
32,0,0,0
0,0,0,0
0,0,0,0
0,0,0,0
0,0,0,0
5408,0,50,0
0,0,0,0
736,0,0,1
0,0,0,0
0,0,0,0
0,0,0,0
0,0,0,0
0,0,0,0
0,0,0,0
0,0,0,0
0,0,0,0
0,0,0,0
0,0,0,0
0,0,0,0
128,0,25,0
0,0,0,0
0,0,0,0
80,0,0,0
480,0,0,0
96,0,0,0
0,0,0,0
0,0,0,0
0,0,0,0
0,0,0,0
992,0,0,0
480,0,0,0
0,0,0,0
0,0,0,0
288,0,0,0
0,0,0,0
0,0,0,0
0,0,0,0
0,0,0,0
0,0,0,0
0,0,0,0
0,0,0,0
192,0,0,0
0,0,0,0
0,0,0,0
0,0,0,0
0,0,0,0
112,0,0,0
224,0,0,0
0,0,0,0
0,0,0,0
0,0,0,0
0,0,0,0
0,0,0,0
176,0,0,0
0,0,0,0
0,0,0,0
0,0,0,0
0,0,0,0
0,0,0,0
0,0,0,0
0,0,0,0
0,0,0,0
544,0,0,0
0,0,0,0
0,0,0,0
0,0,0,0
0,0,0,0
0,0,0,0
0,0,0,0
32,0,0,0
0,0,0,0
0,0,0,0
0,0,0,0
0,0,0,0
0,0,0,0
0,0,0,0
0,0,0,0
0,0,0,0
0,0,0,0
0,0,0,0
0,0,0,0
0,0,0,0
0,0,0,0
0,0,0,0
0,0,0,0
0,0,0,0
2816,0,0,0
0,0,0,0
0,0,0,0
0,0,0,0
0,0,0,0
0,0,0,0
0,0,0,0
0,0,0,0
0,0,0,0
0,0,0,0
0,0,0,0
1920,0,25,0
0,0,0,0
0,0,0,0
0,0,0,0
0,0,0,0
1792,0,0,0
0,0,0,0
0,0,0,0
11152,0,0,0
0,0,0,0
0,0,0,0
0,0,0,0
208,0,0,0
0,0,0,0
0,0,0,0
0,0,0,0
0,0,0,0
0,0,0,0
0,0,0,0
0,0,0,0
464,0,0,0
0,0,0,0
0,0,0,0
0,0,0,0
0,0,0,0
208,0,0,0
0,0,0,0
0,0,0,0
0,0,0,0
0,0,0,0
80,0,0,0
2032,0,0,0
592,0,0,0
0,0,0,0
0,0,0,0
9584,0,0,0
0,0,0,0
0,0,0,0
0,0,0,0
0,0,0,0
0,0,0,0
0,0,0,0
0,0,0,0
0,0,0,0
0,0,0,0
0,0,0,0
0,0,0,0
2992,1,0,1
336,0,0,0
0,0,0,0
1312,0,0,1
0,0,0,0
0,0,0,0
0,0,0,0
0,0,0,0
0,0,0,0
0,0,0,0
0,0,0,0
0,0,0,0
0,0,0,0
4304,0,75,0
0,0,0,0
416,0,0,0
0,0,0,0
0,0,0,0
1344,0,0,0
0,0,0,0
0,0,0,0
0,0,0,0
0,0,0,0
0,0,0,0
0,0,0,0
0,0,0,0
0,0,0,0
0,0,0,0
0,0,0,0
0,0,0,0
0,0,0,0
1168,0,0,0
0,0,0,0
128,0,0,0
0,0,0,0
0,0,0,0
0,0,0,0
0,0,0,0
0,0,0,0
1680,0,50,0
0,0,0,0
0,0,0,0
0,0,0,0
0,0,0,0
0,0,0,0
0,0,0,0
0,0,0,0
0,0,0,0
592,0,0,1
0,0,0,0
14960,2,100,2
0,0,0,0
0,0,0,0
0,0,0,0
864,0,0,0
0,0,0,0
0,0,0,0
0,0,0,0
0,0,0,0
0,0,0,0
0,0,0,0
32,0,0,0
0,0,0,0
0,0,0,0
0,0,0,0
0,0,0,0
736,0,0,0
208,0,0,0
0,0,0,0
128,0,0,0
0,0,0,0
368,0,0,0
0,0,0,0
0,0,0,0
0,0,0,0
1584,0,25,1
0,0,0,0
0,0,0,0
0,0,0,0
1568,0,0,0
0,0,0,0
2240,0,0,0
0,0,0,0
0,0,0,0
0,0,0,0
688,0,0,0
0,0,0,0
5408,0,25,1
0,0,0,0
0,0,0,0
0,0,0,0
0,0,0,0
496,0,0,0
0,0,0,0
0,0,0,0
0,0,0,0
0,0,0,0
5520,0,125,0
0,0,0,0
656,0,0,0
0,0,0,0
0,0,0,0
0,0,0,0
0,0,0,0
0,0,0,0
288,0,0,0
0,0,0,0
16,0,0,0
0,0,0,0
0,0,0,0
0,0,0,0
848,0,0,0
0,0,0,0
832,0,0,0
0,0,0,0
0,0,0,0
0,0,0,0
0,0,0,0
0,0,0,0
0,0,0,0
0,0,0,0
0,0,0,0
0,0,0,0
0,0,0,0
0,0,0,0
912,0,125,0
0,0,0,0
0,0,0,0
0,0,0,0
0,0,0,0
0,0,0,0
0,0,0,0
0,0,0,0
0,0,0,0
0,0,0,0
0,0,0,0
528,0,0,0
0,0,0,0
0,0,0,0
0,0,0,0
0,0,0,0
0,0,0,0
0,0,0,0
0,0,0,0
1984,0,0,0
0,0,0,0
0,0,0,0
1040,0,0,0
0,0,0,0
0,0,0,0
0,0,0,0
0,0,0,0
0,0,0,0
0,0,0,0
0,0,0,0
0,0,0,0
0,0,0,0
0,0,0,0
0,0,0,0
0,0,0,0
0,0,0,0
0,0,0,0
1136,0,0,0
0,0,0,0
0,0,0,0
0,0,0,0
0,0,0,0
0,0,0,0
0,0,0,0
0,0,0,0
0,0,0,0
0,0,0,0
192,0,0,1
1312,1,25,0
0,0,0,0
240,0,0,0
0,0,0,0
1264,0,0,0
0,0,0,0
0,0,0,0
656,0,0,0
352,0,0,0
0,0,0,0
0,0,0,0
0,0,0,0
0,0,0,0
0,0,0,0
0,0,0,0
0,0,0,0
0,0,0,0
320,0,0,0
0,0,0,0
0,0,0,0
0,0,0,0
0,0,0,0
0,0,0,0
0,0,0,0
0,0,0,0
1360,0,0,0
0,0,0,0
0,0,0,0
0,0,0,0
0,0,0,0
0,0,0,0
0,0,0,0
0,0,0,0
0,0,0,0
0,0,0,0
0,0,0,0
0,0,0,0
0,0,0,0
496,0,0,0
48,0,0,0
0,0,0,0
0,0,0,0
0,0,0,0
0,0,0,0
0,0,0,0
0,0,0,0
0,0,0,0
0,0,0,0
0,0,0,0
0,0,0,0
0,0,0,0
0,0,0,0
0,0,0,0
0,0,0,0
0,0,0,0
0,0,0,0
0,0,0,0
2944,0,0,0
0,0,0,0
0,0,0,0
0,0,0,0
0,0,0,0
0,0,0,0
0,0,0,0
0,0,0,0
0,0,0,0
0,0,0,0
0,0,0,0
0,0,0,0
0,0,0,0
0,0,0,0
48,0,0,0
0,0,0,0
0,0,0,0
4896,0,0,1
0,0,0,0
0,0,0,0
480,0,75,1
0,0,0,0
0,0,0,0
0,0,0,0
0,0,0,0
0,0,0,0
0,0,0,0
0,0,0,0
0,0,0,0
0,0,0,0
0,0,0,0
0,0,0,0
0,0,0,0
0,0,0,0
0,0,0,0
0,0,0,0
0,0,0,0
0,0,0,0
0,0,0,0
0,0,0,0
0,0,0,0
0,0,0,0
0,0,0,0
2416,0,100,0
0,0,0,0
64,0,0,0
240,0,0,0
14480,0,175,1
0,0,0,0
1712,0,25,1
0,0,0,0
0,0,0,0
0,0,0,0
224,0,0,0
0,0,0,0
0,0,0,0
0,0,0,0
0,0,0,0
0,0,0,0
4128,1,0,1
0,0,0,0
0,0,0,0
0,0,0,0
0,0,0,0
1184,0,0,0
0,0,0,0
0,0,0,0
608,0,0,0
0,0,0,0
0,0,0,0
0,0,0,0
0,0,0,0
0,0,0,0
0,0,0,0
0,0,0,0
0,0,0,0
0,0,0,0
0,0,0,0
0,0,0,0
1360,0,25,0
0,0,0,0
0,0,0,0
0,0,0,0
0,0,0,0
336,0,0,0
0,0,0,0
0,0,0,0
1424,0,25,0
0,0,0,0
0,0,0,0
0,0,0,0
0,0,0,0
0,0,0,0
0,0,0,0
0,0,0,0
0,0,0,0
608,0,0,0
0,0,0,0
0,0,0,0
0,0,0,0
0,0,0,0
0,0,0,0
0,0,0,0
0,0,0,0
0,0,0,0
0,0,0,0
0,0,0,0
64,0,0,0
0,0,0,0
7296,0,0,0
592,0,0,0
272,0,0,0
0,0,0,0
0,0,0,0
0,0,0,0
0,0,0,0
1200,0,0,0
0,0,0,0
0,0,0,0
0,0,0,0
0,0,0,0
0,0,0,0
0,0,0,0
960,0,25,0
0,0,0,0
0,0,0,0
16,0,0,0
0,0,0,0
0,0,0,0
0,0,0,0
0,0,0,0
0,0,0,0
0,0,0,0
1392,0,0,0
0,0,0,0
0,0,0,0
32,0,0,1
0,0,0,0
0,0,0,0
64,0,0,0
0,0,0,0
0,0,0,0
0,0,0,0
0,0,0,0
0,0,0,0
0,0,0,0
464,0,275,1
0,0,0,0
8624,1,0,0
656,0,0,0
0,0,0,0
0,0,0,0
0,0,0,0
0,0,0,0
0,0,0,0
464,0,0,0
0,0,0,0
0,0,0,0
0,0,0,0
768,0,0,0
0,0,0,0
1776,0,0,0
0,0,0,0
0,0,0,0
2976,0,0,2
0,0,0,1
0,0,0,0
720,0,0,0
0,0,0,0
0,0,0,0
256,0,0,0
848,0,0,0
0,0,0,0
0,0,0,0
0,0,0,0
0,0,0,0
0,0,0,0
0,0,0,0
0,0,0,0
0,0,0,0
0,0,0,0
16,0,0,0
0,0,0,0
0,0,0,0
0,0,0,0
320,0,0,0
0,0,0,0
64,0,0,0
0,0,0,0
0,0,0,0
0,0,0,0
0,0,0,0
0,0,0,0
0,0,0,0
1344,0,0,0
0,0,0,0
0,0,0,0
0,0,0,0
0,0,0,0
0,0,0,0
0,0,0,0
624,0,0,0
0,0,0,0
0,0,0,0
0,0,0,0
0,0,0,0
0,0,0,0
0,0,0,0
0,0,0,0
1120,0,25,0
512,0,0,0
0,0,0,0
0,0,0,0
656,0,25,0
0,0,0,0
0,0,0,0
0,0,0,0
0,0,0,0
0,0,0,0
0,0,0,0
0,0,0,0
0,0,0,0
0,0,0,0
32,0,0,0
0,0,0,0
0,0,0,0
0,0,0,0
0,0,0,0
0,0,0,0
0,0,0,0
0,0,0,0
240,0,0,0
0,0,0,0
0,0,0,0
0,0,0,0
400,0,0,4
0,0,0,0
0,0,0,0
0,0,0,0
0,0,0,0
0,0,0,0
0,0,0,0
0,0,0,0
0,0,0,0
0,0,0,0
0,0,0,0
0,0,0,0
0,0,0,0
192,0,0,0
0,0,0,0
0,0,0,0
16,0,0,0
0,0,0,0
0,0,0,0
0,0,0,0
0,0,0,0
0,0,0,0
0,0,0,0
0,0,0,0
0,0,0,0
128,0,0,0
0,0,0,0
656,0,0,0
0,0,0,0
0,0,0,0
0,0,0,0
0,0,0,0
0,0,0,0
0,0,0,0
1888,0,0,0
0,0,0,0
0,0,0,0
0,0,0,0
0,0,0,0
1024,0,0,0
32,0,0,0
432,0,0,0
0,0,0,0
0,0,0,0
0,0,0,0
0,0,0,0
448,0,0,0
0,0,0,0
0,0,0,0
0,0,0,0
0,0,0,0
704,0,0,0
0,0,0,0
0,0,0,0
0,0,0,0
0,0,0,0
0,0,0,0
0,0,0,0
0,0,0,0
0,0,0,0
0,0,0,0
0,0,0,0
2288,0,0,0
0,0,0,0
0,0,0,0
0,0,0,0
240,0,0,0
0,0,0,0
0,0,0,0
0,0,0,0
0,0,0,0
256,0,0,0
0,0,0,0
0,0,0,0
208,0,0,0
304,0,0,0
0,0,0,0
0,0,0,0
0,0,0,0
0,0,0,0
0,0,0,0
2320,0,0,0
0,0,0,0
0,0,0,0
0,0,0,0
0,0,0,0
0,0,0,0
0,0,0,0
128,0,0,0
0,0,0,0
0,0,0,0
0,0,0,0
208,0,0,0
0,0,0,0
0,0,0,0
0,0,0,0
0,0,0,0
128,0,0,0
0,0,0,0
0,0,0,0
0,0,0,0
0,0,0,0
0,0,0,0
80,0,0,0
0,0,0,0
0,0,0,0
0,0,0,0
0,0,0,0
688,0,0,0
0,0,0,0
816,0,100,0
0,0,0,0
0,0,0,0
0,0,0,0
0,0,0,0
0,0,0,0
0,0,0,0
0,0,0,0
0,0,0,0
0,0,0,0
0,0,0,0
16,0,0,0
0,0,0,0
0,0,0,0
0,0,0,0
0,0,0,0
0,0,0,0
0,0,0,0
0,0,0,0
992,0,25,0
0,0,0,0
0,0,0,0
0,0,0,0
0,0,0,0
0,0,0,0
0,0,0,0
0,0,0,0
0,0,0,0
0,0,0,0
0,0,0,0
0,0,0,0
0,0,0,0
0,0,0,0
0,0,0,0
0,0,0,0
0,0,0,0
0,0,0,0
112,0,0,0
0,0,0,0
736,0,0,0
0,0,0,0
0,0,0,0
0,0,0,0
992,0,0,0
16,0,0,0
0,0,0,0
192,0,0,3
0,0,0,0
1200,0,50,0
1584,0,25,0
144,0,0,0
32,0,0,0
1008,0,250,2
0,0,0,0
0,0,0,0
544,0,0,0
0,0,0,0
0,0,0,0
0,0,0,0
0,0,0,0
0,0,0,0
0,0,0,0
0,0,0,0
208,0,0,0
0,0,0,0
2064,0,175,0
0,0,0,0
0,0,0,0
0,0,0,0
0,0,0,0
0,0,0,0
0,0,0,0
0,0,0,0
0,0,0,0
816,0,0,0
960,0,0,0
4080,2,75,3
0,0,0,0
0,0,0,0
4576,0,25,1
0,0,0,0
0,0,0,0
0,0,0,0
2688,0,25,0
0,0,0,0
0,0,0,0
0,0,0,0
832,0,0,0
0,0,0,0
0,0,0,0
0,0,0,0
0,0,0,0
0,0,0,0
0,0,0,0
0,0,0,0
0,0,0,0
0,0,0,0
0,0,0,0
0,0,0,0
0,0,0,0
0,0,0,0
0,0,0,0
0,0,0,0
0,0,0,0
0,0,0,0
0,0,0,0
0,0,0,0
0,0,0,0
0,0,0,0
0,0,0,0
0,0,0,0
0,0,0,0
0,0,0,0
0,0,0,0
0,0,0,0
400,0,0,0
0,0,0,0
0,0,0,0
2848,0,0,0
0,0,0,0
0,0,0,0
0,0,0,0
0,0,0,0
0,0,0,0
0,0,0,0
0,0,0,0
0,0,0,0
0,0,0,0
512,0,0,0
0,0,0,0
0,0,0,0
0,0,0,0
1152,0,25,0
4608,0,0,0
0,0,0,0
0,0,0,0
0,0,0,0
0,0,0,0
464,0,0,0
848,0,0,0
0,0,0,0
0,0,0,0
0,0,0,0
0,0,0,0
0,0,0,0
0,0,0,0
0,0,0,0
0,0,0,0
0,0,0,0
0,0,0,0
3552,0,0,0
0,0,0,0
0,0,0,0
3056,0,0,0
0,0,0,0
1440,0,0,0
976,0,100,0
0,0,0,0
0,0,0,0
0,0,0,0
0,0,0,0
0,0,0,0
0,0,0,0
0,0,0,0
0,0,0,0
512,0,0,0
528,0,0,0
0,0,0,0
880,0,25,1
768,0,0,6
0,0,0,0
0,0,0,0
0,0,0,0
0,0,0,0
1376,0,175,2
0,0,0,0
0,0,0,0
0,0,0,0
0,0,0,0
0,0,0,0
368,0,0,0
0,0,0,0
0,0,0,0
0,0,0,0
0,0,0,0
352,0,0,0
0,0,0,0
0,0,0,0
0,0,0,0
0,0,0,0
0,0,0,0
416,0,0,0
0,0,0,0
816,0,175,0
512,0,0,0
3136,0,0,0
0,0,0,0
16,0,0,0
272,0,0,3
304,0,0,0
0,0,0,0
0,0,0,0
0,0,0,0
0,0,0,0
0,0,0,0
0,0,0,0
240,0,0,0
0,0,0,0
0,0,0,0
0,0,0,0
0,0,0,0
0,0,0,0
0,0,0,0
0,0,0,0
0,0,0,0
0,0,0,0
0,0,0,0
0,0,0,0
0,0,0,0
0,0,0,0
0,0,0,0
0,0,0,0
0,0,0,0
0,0,0,0
0,0,0,1
64,0,0,0
64,0,0,0
0,0,0,0
0,0,0,0
0,0,0,0
5344,0,0,0
0,0,0,0
0,0,0,0
0,0,0,0
0,0,0,0
0,0,0,0
128,0,0,0
1616,0,0,0
0,0,0,0
0,0,0,0
0,0,0,0
0,0,0,0
0,0,0,0
0,0,0,0
352,0,0,0
0,0,0,0
0,0,0,0
1888,0,75,0
0,0,0,0
0,0,0,1
0,0,0,0
336,0,0,0
0,0,0,0
32,0,0,0
0,0,0,0
0,0,0,0
0,0,0,0
0,0,0,0
608,0,0,0
0,0,0,0
0,0,0,0
0,0,0,0
3984,0,25,1
224,0,0,0
0,0,0,0
0,0,0,0
688,0,0,0
0,0,0,0
0,0,0,0
608,0,0,0
0,0,0,0
0,0,0,0
0,0,0,0
0,0,0,0
2192,0,25,2
0,0,0,0
0,0,0,0
0,0,0,0
160,0,0,0
0,0,0,0
464,0,0,0
0,0,0,0
0,0,0,0
16,0,0,0
768,0,0,0
464,0,0,0
0,0,0,0
2336,0,0,0
3504,0,0,0
0,0,0,0
0,0,0,0
0,0,0,0
0,0,0,0
0,0,0,0
0,0,0,0
0,0,0,0
0,0,0,0
0,0,0,0
16,0,0,0
0,0,0,0
1888,0,0,0
0,0,0,0
5056,0,0,0
3264,0,0,1
0,0,0,0
1120,0,0,0
0,0,0,0
0,0,0,0
0,0,0,0
0,0,0,0
0,0,0,0
0,0,0,0
0,0,0,0
0,0,0,0
0,0,0,0
960,0,25,0
0,0,0,0
0,0,0,0
0,0,0,0
0,0,0,0
0,0,0,0
0,0,0,0
0,0,0,0
880,0,25,2
0,0,0,0
0,0,0,0
0,0,0,0
0,0,0,0
416,0,0,0
0,0,0,0
0,0,0,0
0,0,0,0
0,0,0,0
0,0,0,0
0,0,0,0
0,0,0,0
336,0,0,0
0,0,0,0
32,0,0,0
0,0,0,0
48,0,0,1
0,0,0,0
0,0,0,0
0,0,0,0
0,0,0,0
0,0,0,0
0,0,0,0
0,0,0,0
0,0,0,0
752,0,0,1
0,0,0,0
7360,0,125,0
0,0,0,0
2352,1,0,1
0,0,0,0
64,0,0,0
0,0,0,0
208,0,0,0
0,0,0,0
0,0,0,0
0,0,0,0
0,0,0,0
0,0,0,0
0,0,0,0
0,0,0,0
0,0,0,0
0,0,0,0
0,0,0,0
32,0,0,0
0,0,0,0
0,0,0,0
0,0,0,0
0,0,0,0
256,0,0,0
0,0,0,0
0,0,0,0
0,0,0,0
0,0,0,0
0,0,0,0
0,0,0,0
0,0,0,0
0,0,0,0
0,0,0,0
0,0,0,0
0,0,0,0
0,0,0,0
0,0,0,0
3328,0,75,1
0,0,0,0
48,0,0,0
0,0,0,0
0,0,0,0
0,0,0,0
0,0,0,0
0,0,0,0
0,0,0,0
0,0,0,0
0,0,0,0
0,0,0,0
0,0,0,0
0,0,0,0
0,0,0,0
0,0,0,0
0,0,0,0
0,0,0,0
0,0,0,0
0,0,0,0
0,0,0,0
0,0,0,0
0,0,0,0
0,0,0,0
0,0,0,0
0,0,0,0
0,0,0,0
0,0,0,0
0,0,0,0
2864,0,25,1
0,0,0,0
0,0,0,0
0,0,0,0
0,0,0,0
0,0,0,0
256,0,0,0
0,0,0,0
0,0,0,0
0,0,0,0
0,0,0,0
0,0,0,0
0,0,0,0
0,0,0,0
0,0,0,0
4080,0,0,0
832,0,25,0
0,0,0,0
0,0,0,0
13104,0,25,1
0,0,0,0
0,0,0,0
0,0,0,0
5136,0,0,0
0,0,0,0
0,0,0,0
0,0,0,0
0,0,0,0
0,0,0,0
0,0,0,0
224,0,0,0
0,0,0,0
0,0,0,0
1296,0,0,0
0,0,0,0
0,0,0,0
256,0,0,0
0,0,0,0
0,0,0,0
0,0,0,0
0,0,0,0
0,0,0,0
0,0,0,0
0,0,0,0
0,0,0,0
128,0,0,1
0,0,0,0
0,0,0,0
0,0,0,0
0,0,0,0
0,0,0,0
0,0,0,0
0,0,0,0
0,0,0,0
0,0,0,0
0,0,0,0
0,0,0,0
0,0,0,0
0,0,0,0
0,0,0,0
208,0,0,0
0,0,0,0
0,0,0,0
0,0,0,0
0,0,0,0
512,0,50,0
32,0,0,0
2928,0,0,0
0,0,0,0
0,0,0,0
80,0,0,0
0,0,0,0
0,0,0,0
0,0,0,0
0,0,0,0
32,0,0,0
0,0,0,0
0,0,0,0
0,0,0,0
0,0,0,0
0,0,0,0
0,0,0,0
0,0,0,0
0,0,0,0
0,0,0,0
0,0,0,0
0,0,0,0
0,0,0,0
0,0,0,0
0,0,0,0
3216,0,25,0
0,0,0,0
0,0,0,0
0,0,0,0
0,0,0,0
16,0,0,0
0,0,0,0
0,0,0,0
0,0,0,0
0,0,0,0
0,0,0,0
0,0,0,0
0,0,0,0
256,0,0,0
0,0,0,0
1920,0,0,0
0,0,0,0
0,0,0,0
0,0,0,0
816,0,175,0
0,0,0,0
0,0,0,0
0,0,0,0
0,0,0,0
0,0,0,0
0,0,0,0
0,0,0,0
0,0,0,0
0,0,0,0
0,0,0,0
16,0,0,0
0,0,0,0
0,0,0,0
0,0,0,0
0,0,0,0
3568,0,50,0
0,0,0,0
880,0,0,0
0,0,0,0
0,0,0,0
0,0,0,0
0,0,0,0
0,0,0,0
0,0,0,0
0,0,0,0
0,0,0,0
0,0,0,0
0,0,0,0
0,0,0,0
0,0,0,0
0,0,0,0
0,0,0,0
0,0,0,0
0,0,0,0
0,0,0,0
0,0,0,0
0,0,0,0
544,0,50,0
0,0,0,0
0,0,0,0
0,0,0,0
0,0,0,0
0,0,0,0
0,0,0,0
416,0,0,0
0,0,0,0
0,0,0,0
0,0,0,0
0,0,0,0
0,0,0,0
0,0,0,0
0,0,0,0
0,0,0,0
0,0,0,0
0,0,0,0
672,0,0,0
320,0,0,0
0,0,0,0
0,0,0,0
0,0,0,0
0,0,0,0
0,0,0,0
0,0,0,0
0,0,0,0
272,0,0,0
0,0,0,0
0,0,0,0
0,0,0,0
0,0,0,0
0,0,0,0
1376,0,25,0
304,0,0,0
0,0,0,0
320,0,0,0
0,0,0,0
0,0,0,0
448,0,150,0
0,0,0,0
192,0,0,0
0,0,0,0
0,0,0,0
32,0,0,0
0,0,0,0
0,0,0,0
0,0,0,0
0,0,0,0
0,0,0,0
0,0,0,0
32,0,0,0
0,0,0,0
0,0,0,0
0,0,0,0
2640,0,0,1
0,0,0,0
0,0,0,0
0,0,0,0
0,0,0,0
0,0,0,0
0,0,0,0
0,0,0,0
0,0,0,0
688,0,0,0
0,0,0,0
0,0,0,0
0,0,0,0
0,0,0,0
0,0,0,0
0,0,0,0
0,0,0,0
0,0,0,0
0,0,0,0
0,0,0,0
0,0,0,0
0,0,0,0
0,0,0,0
0,0,0,0
224,0,0,0
0,0,0,0
544,0,0,0
0,0,0,0
0,0,0,0
0,0,0,0
0,0,0,0
0,0,0,0
0,0,0,0
0,0,0,0
112,0,0,0
0,0,0,0
0,0,0,0
0,0,0,0
0,0,0,0
0,0,0,0
0,0,0,0
0,0,0,0
464,0,0,0
0,0,0,0
0,0,0,0
0,0,0,0
656,0,0,0
0,0,0,0
0,0,0,0
1888,0,0,1
0,0,0,0
0,0,0,0
0,0,0,0
0,0,0,0
0,0,0,0
0,0,0,0
0,0,0,0
0,0,0,0
720,0,0,0
0,0,0,0
0,0,0,0
0,0,0,0
0,0,0,0
0,0,0,0
0,0,0,0
0,0,0,0
0,0,0,0
192,0,0,0
0,0,0,0
0,0,0,0
0,0,0,0
0,0,0,0
0,0,0,0
0,0,0,0
1824,0,0,0
448,0,0,0
48,0,0,0
0,0,0,0
0,0,0,0
0,0,0,0
0,0,0,0
0,0,0,0
0,0,0,0
0,0,0,0
0,0,0,0
0,0,0,0
0,0,0,0
96,0,0,0
0,0,0,0
0,0,0,0
0,0,0,0
0,0,0,0
25648,2,75,3
672,0,0,0
0,0,0,0
0,0,0,0
0,0,0,0
0,0,0,0
0,0,0,0
512,0,25,0
0,0,0,0
0,0,0,0
0,0,0,0
0,0,0,0
0,0,0,0
0,0,0,0
0,0,0,0
0,0,0,0
0,0,0,0
0,0,0,0
0,0,0,0
528,0,0,0
0,0,0,0
0,0,0,0
0,0,0,0
1280,0,0,1
3456,0,25,4
0,0,0,0
0,0,0,0
0,0,0,0
0,0,0,0
0,0,0,0
0,0,0,0
0,0,0,0
0,0,0,0
0,0,0,0
0,0,0,0
112,0,0,0
0,0,0,0
16,0,0,0
0,0,0,0
0,0,0,0
0,0,0,0
0,0,0,0
0,0,0,0
0,0,0,0
0,0,0,0
0,0,0,0
0,0,0,0
368,0,0,0
0,0,0,0
0,0,0,0
0,0,0,0
0,0,0,0
0,0,0,0
0,0,0,0
0,0,0,0
0,0,0,0
0,0,0,0
0,0,0,0
0,0,0,0
0,0,0,0
0,0,0,0
0,0,0,0
0,0,0,0
0,0,0,0
0,0,0,0
0,0,0,0
0,0,0,0
0,0,0,0
0,0,0,0
0,0,0,0
0,0,0,0
736,0,0,0
1904,0,0,0
0,0,0,0
0,0,0,0
0,0,0,0
0,0,0,0
976,0,0,0
0,0,0,0
1824,0,0,0
0,0,0,0
0,0,0,0
0,0,0,0
512,0,0,0
0,0,0,0
0,0,0,0
0,0,0,0
0,0,0,0
0,0,0,0
0,0,0,0
0,0,0,0
0,0,0,0
0,0,0,0
0,0,0,0
0,0,0,0
0,0,0,0
0,0,0,0
0,0,0,0
464,0,0,0
0,0,0,0
0,0,0,0
0,0,0,0
0,0,0,0
1056,0,75,0
0,0,0,0
0,0,0,0
0,0,0,0
48,0,0,0
0,0,0,0
0,0,0,0
656,0,0,3
352,0,0,0
0,0,0,0
0,0,0,0
0,0,0,0
0,0,0,0
0,0,0,0
0,0,0,0
0,0,0,0
0,0,0,0
0,0,0,0
48,0,0,0
0,0,0,0
0,0,0,0
0,0,0,0
0,0,0,0
0,0,0,0
0,0,0,0
0,0,0,0
0,0,0,0
624,0,0,0
0,0,0,0
0,0,0,0
0,0,0,0
0,0,0,0
176,0,0,0
0,0,0,0
0,0,0,0
0,0,0,0
0,0,0,0
0,0,0,0
5360,0,75,0
1504,0,0,0
0,0,0,0
0,0,0,0
96,0,0,0
0,0,0,0
0,0,0,0
0,0,0,0
0,0,0,0
3616,0,50,1
0,0,0,0
0,0,0,0
0,0,0,0
0,0,0,0
0,0,0,0
0,0,0,0
0,0,0,0
0,0,0,0
0,0,0,0
0,0,0,0
0,0,0,0
0,0,0,0
0,0,0,0
1440,0,0,0
0,0,0,0
0,0,0,0
2000,0,0,0
1248,0,75,0
0,0,0,0
0,0,0,0
480,0,0,0
0,0,0,0
0,0,0,0
0,0,0,0
0,0,0,0
0,0,0,0
0,0,0,0
0,0,0,0
0,0,0,0
0,0,0,0
0,0,0,0
1392,0,0,0
0,0,0,0
416,0,0,0
0,0,0,0
0,0,0,0
0,0,0,0
1888,0,0,0
0,0,0,0
4224,0,25,1
0,0,0,0
0,0,0,0
0,0,0,0
0,0,0,0
0,0,0,0
48,0,0,0
0,0,0,0
0,0,0,0
0,0,0,0
0,0,0,0
0,0,0,0
0,0,0,0
0,0,0,0
0,0,0,0
0,0,0,0
5728,1,125,3
912,0,0,0
0,0,0,0
0,0,0,0
0,0,0,0
1312,0,25,0
112,0,0,0
0,0,0,0
0,0,0,0
0,0,0,0
0,0,0,0
0,0,0,0
0,0,0,0
0,0,0,0
0,0,0,0
0,0,0,0
0,0,0,0
0,0,0,0
0,0,0,0
0,0,0,0
1792,0,25,0
0,0,0,0
0,0,0,0
0,0,0,0
0,0,0,0
192,0,0,0
0,0,0,0
0,0,0,0
0,0,0,0
0,0,0,0
0,0,0,0
0,0,0,0
0,0,0,0
0,0,0,0
0,0,0,0
0,0,0,0
0,0,0,0
0,0,0,0
0,0,0,0
0,0,0,0
0,0,0,0
0,0,0,0
0,0,0,0
0,0,0,0
0,0,0,0
0,0,0,0
0,0,0,0
0,0,0,0
448,0,0,0
0,0,0,0
1888,0,0,0
1648,0,0,1
384,0,0,0
0,0,0,0
1056,0,0,0
0,0,0,0
96,0,0,0
784,0,0,0
0,0,0,0
336,0,0,0
912,0,0,0
0,0,0,0
1520,0,0,1
64,0,0,0
0,0,0,0
0,0,0,0
0,0,0,0
0,0,0,0
0,0,0,0
1232,0,0,0
80,0,0,0
944,0,0,0
0,0,0,0
0,0,0,0
3888,0,50,0
0,0,0,0
0,0,0,0
0,0,0,0
0,0,0,0
0,0,0,0
0,0,0,0
0,0,0,0
0,0,0,0
0,0,0,0
0,0,0,0
112,0,0,0
0,0,0,0
0,0,0,0
0,0,0,0
0,0,0,0
0,0,0,0
3984,0,50,0
0,0,0,0
0,0,0,0
0,0,0,0
0,0,0,0
0,0,0,0
1376,0,0,0
0,0,0,0
0,0,0,0
544,0,0,0
0,0,0,0
2032,0,0,0
0,0,0,0
0,0,0,0
0,0,0,0
0,0,0,0
0,0,0,0
320,0,0,1
0,0,0,0
0,0,0,0
560,0,0,0
0,0,0,0
0,0,0,0
0,0,0,0
656,0,0,0
528,0,125,2
0,0,0,0
0,0,0,0
0,0,0,0
0,0,0,0
0,0,0,0
0,0,0,0
0,0,0,0
0,0,0,0
0,0,0,0
0,0,0,0
0,0,0,0
0,0,0,0
1408,0,0,0
1264,0,0,0
3008,1,0,0
0,0,0,0
0,0,0,0
0,0,0,0
0,0,0,0
0,0,0,0
352,0,0,0
0,0,0,0
0,0,0,0
0,0,0,0
0,0,0,0
0,0,0,0
0,0,0,0
0,0,0,0
0,0,0,0
0,0,0,0
0,0,0,0
0,0,0,0
0,0,0,0
0,0,0,0
0,0,0,0
96,0,0,0
8832,0,50,1
0,0,0,0
0,0,0,0
0,0,0,0
0,0,0,0
0,0,0,0
0,0,0,0
0,0,0,0
0,0,0,0
0,0,0,0
0,0,0,0
0,0,0,0
0,0,0,0
0,0,0,0
0,0,0,0
0,0,0,0
0,0,0,0
0,0,0,0
0,0,0,0
0,0,0,0
0,0,0,0
0,0,0,0
16,0,0,0
0,0,0,0
0,0,0,0
0,0,0,0
0,0,0,0
0,0,0,0
0,0,0,0
0,0,0,0
0,0,0,0
32,0,0,0
0,0,0,0
640,0,0,0
32,0,0,0
160,0,0,0
0,0,0,0
0,0,0,0
0,0,0,0
0,0,0,0
0,0,0,0
0,0,0,0
0,0,0,0
0,0,0,0
0,0,0,0
208,0,0,0
0,0,0,0
0,0,0,0
0,0,0,0
2080,0,25,0
0,0,0,0
0,0,0,0
2288,0,0,0
0,0,0,0
0,0,0,0
0,0,0,0
1328,0,0,0
0,0,0,0
0,0,0,0
0,0,0,0
0,0,0,0
0,0,0,0
0,0,0,0
0,0,0,0
0,0,0,0
0,0,0,0
0,0,0,0
0,0,0,0
0,0,0,0
0,0,0,0
544,0,0,0
64,0,0,0
0,0,0,0
0,0,0,0
0,0,0,0
0,0,0,0
0,0,0,0
0,0,0,0
0,0,0,0
0,0,0,0
0,0,0,0
0,0,0,0
0,0,0,0
0,0,0,0
0,0,0,0
0,0,0,0
0,0,0,0
0,0,0,0
0,0,0,0
0,0,0,0
0,0,0,0
0,0,0,0
0,0,0,0
864,0,0,0
0,0,0,0
0,0,0,0
0,0,0,0
0,0,0,0
2032,0,0,0
0,0,0,0
0,0,0,0
0,0,0,0
0,0,0,0
1392,0,0,0
0,0,0,0
0,0,0,0
400,0,0,0
0,0,0,0
0,0,0,0
0,0,0,0
0,0,0,0
0,0,0,0
0,0,0,0
0,0,0,0
0,0,0,0
0,0,0,0
0,0,0,0
0,0,0,0
16,0,0,0
240,0,0,0
64,0,0,0
0,0,0,0
0,0,0,0
1568,1,0,1
0,0,0,0
0,0,0,0
640,0,0,0
2848,0,25,2
0,0,0,0
0,0,0,0
0,0,0,0
1168,0,0,0
0,0,0,0
0,0,0,0
0,0,0,0
0,0,0,0
0,0,0,0
0,0,0,0
0,0,0,0
256,0,0,0
0,0,0,0
0,0,0,0
0,0,0,0
0,0,0,0
0,0,0,0
0,0,0,0
2560,1,0,0
0,0,0,0
0,0,0,0
3472,0,75,0
2256,0,50,0
0,0,0,0
352,0,0,0
2400,0,0,0
0,0,0,0
576,0,0,0
0,0,0,0
0,0,0,0
0,0,0,0
0,0,0,0
0,0,0,0
0,0,0,0
0,0,0,0
0,0,0,0
0,0,0,0
2336,0,0,0
0,0,0,0
0,0,0,0
1424,0,0,0
0,0,0,0
0,0,0,0
0,0,0,0
496,0,125,0
0,0,0,0
0,0,0,0
0,0,0,0
0,0,0,0
1808,0,25,0
0,0,0,0
0,0,0,0
0,0,0,0
0,0,0,0
0,0,0,0
0,0,0,0
0,0,0,0
2016,0,25,0
0,0,0,0
0,0,0,0
288,0,25,4
0,0,0,0
0,0,0,0
0,0,0,0
32,0,0,0
0,0,0,0
0,0,0,0
0,0,0,0
0,0,0,0
400,0,0,0
0,0,0,0
1712,0,0,0
192,0,0,0
0,0,0,0
0,0,0,0
1824,0,0,0
0,0,0,0
0,0,0,0
0,0,0,0
176,0,0,0
0,0,0,0
0,0,0,0
0,0,0,0
0,0,0,0
0,0,0,0
1376,0,0,1
4256,0,25,0
0,0,0,0
208,0,0,0
1104,0,0,0
2128,0,25,0
0,0,0,0
0,0,0,0
0,0,0,0
0,0,0,0
992,0,0,0
0,0,0,0
0,0,0,0
0,0,0,0
0,0,0,0
0,0,0,0
16,0,0,0
0,0,0,0
0,0,0,0
0,0,0,0
0,0,0,0
2512,1,0,1
0,0,0,0
0,0,0,0
0,0,0,0
0,0,0,0
3264,0,0,0
0,0,0,0
2448,1,300,1
0,0,0,0
0,0,0,0
0,0,0,0
1072,0,0,1
2240,0,0,1
0,0,0,0
240,0,0,0
0,0,0,0
784,0,0,0
0,0,0,0
0,0,0,0
0,0,0,0
0,0,0,0
0,0,0,0
0,0,0,0
0,0,0,0
3872,0,375,1
0,0,0,0
0,0,0,0
0,0,0,0
0,0,0,0
0,0,0,0
0,0,0,0
0,0,0,0
0,0,0,0
240,0,0,0
0,0,0,0
0,0,0,0
0,0,0,0
0,0,0,0
0,0,0,0
0,0,0,0
0,0,0,0
0,0,0,0
0,0,0,0
0,0,0,0
0,0,0,0
0,0,0,0
0,0,0,0
1056,0,0,0
0,0,0,0
0,0,0,0
0,0,0,0
0,0,0,0
0,0,0,0
0,0,0,0
0,0,0,0
0,0,0,0
0,0,0,0
0,0,0,0
0,0,0,0
0,0,0,0
0,0,0,0
0,0,0,0
560,0,0,1
0,0,0,0
0,0,0,0
0,0,0,0
0,0,0,0
32,0,0,1
544,0,0,0
0,0,0,0
0,0,0,0
224,0,0,0
0,0,0,0
0,0,0,0
0,0,0,0
288,0,0,0
0,0,0,0
0,0,0,0
208,0,0,0
0,0,0,0
0,0,0,0
0,0,0,0
0,0,0,0
9856,0,25,0
0,0,0,0
0,0,0,0
0,0,0,0
0,0,0,0
0,0,0,0
0,0,0,0
0,0,0,0
64,0,0,0
0,0,0,0
480,0,0,0
0,0,0,0
0,0,0,0
0,0,0,0
0,0,0,0
2512,0,0,0
0,0,0,0
0,0,0,0
0,0,0,0
0,0,0,0
144,0,0,2
0,0,0,0
0,0,0,0
0,0,0,0
0,0,0,0
0,0,0,0
0,0,0,0
0,0,0,0
0,0,0,0
0,0,0,0
0,0,0,0
112,0,0,0
0,0,0,0
0,0,0,0
1344,0,0,0
0,0,0,0
0,0,0,0
0,0,0,0
0,0,0,0
0,0,0,0
112,0,0,0
0,0,0,0
656,0,0,0
0,0,0,0
0,0,0,0
0,0,0,0
0,0,0,0
0,0,0,0
640,0,0,0
0,0,0,0
0,0,0,0
0,0,0,0
0,0,0,0
0,0,0,0
0,0,0,0
0,0,0,0
0,0,0,0
0,0,0,0
7008,0,25,3
0,0,0,0
1392,0,0,0
0,0,0,0
16,0,0,0
0,0,0,0
0,0,0,0
0,0,0,0
592,0,0,0
0,0,0,0
0,0,0,0
0,0,0,0
1040,0,0,0
0,0,0,0
0,0,0,0
0,0,0,0
0,0,0,0
0,0,0,0
2976,0,25,0
0,0,0,0
1024,0,0,0
0,0,0,0
0,0,0,0
0,0,0,0
0,0,0,0
0,0,0,0
0,0,0,0
0,0,0,0
1104,0,0,0
0,0,0,0
0,0,0,0
0,0,0,0
0,0,0,0
0,0,0,0
816,0,25,0
0,0,0,0
0,0,0,0
0,0,0,0
0,0,0,0
0,0,0,0
0,0,0,0
608,0,25,0
0,0,0,0
0,0,0,0
0,0,0,0
0,0,0,0
0,0,0,0
16,0,0,0
0,0,0,0
0,0,0,0
48,0,0,0
0,0,0,0
0,0,0,0
0,0,0,0
96,0,0,0
0,0,0,0
5088,0,0,0
0,0,0,0
0,0,0,0
0,0,0,0
0,0,0,0
0,0,0,0
0,0,0,0
128,0,0,0
0,0,0,0
0,0,0,0
0,0,0,0
0,0,0,0
0,0,0,0
0,0,0,0
368,0,0,0
0,0,0,0
0,0,0,0
0,0,0,0
0,0,0,0
0,0,0,0
0,0,0,0
0,0,0,0
224,0,0,0
0,0,0,0
16,0,0,0
0,0,0,0
0,0,0,0
0,0,0,0
0,0,0,0
0,0,0,0
0,0,0,0
416,0,0,0
128,0,0,1
0,0,0,0
0,0,0,0
80,0,0,0
1824,0,0,0
0,0,0,0
0,0,0,0
1216,0,50,2
0,0,0,0
0,0,0,0
0,0,0,0
0,0,0,0
80,0,0,0
0,0,0,0
0,0,0,0
0,0,0,0
0,0,0,0
0,0,0,0
0,0,0,0
0,0,0,0
4368,0,0,1
0,0,0,0
0,0,0,0
0,0,0,0
0,0,0,0
0,0,0,0
0,0,0,0
0,0,0,0
0,0,0,0
1392,0,0,0
0,0,0,0
0,0,0,0
0,0,0,0
720,0,0,0
0,0,0,0
0,0,0,0
0,0,0,0
1696,0,0,0
0,0,0,0
0,0,0,0
0,0,0,0
0,0,0,0
0,0,0,0
272,0,0,0
0,0,0,0
0,0,0,0
0,0,0,0
0,0,0,0
1696,0,0,1
0,0,0,0
560,0,0,0
0,0,0,0
0,0,0,0
0,0,0,0
96,0,0,0
0,0,0,0
16,0,0,0
0,0,0,0
0,0,0,0
0,0,0,0
0,0,0,0
0,0,0,0
0,0,0,0
0,0,0,0
0,0,0,0
0,0,0,0
0,0,0,0
0,0,0,0
0,0,0,0
0,0,0,0
0,0,0,0
0,0,0,0
0,0,0,0
0,0,0,0
0,0,0,0
0,0,0,0
112,0,0,0
0,0,0,0
0,0,0,0
0,0,0,0
0,0,0,0
0,0,0,0
0,0,0,0
0,0,0,0
0,0,0,0
0,0,0,0
0,0,0,0
16,0,0,0
16,0,0,0
0,0,0,0
0,0,0,0
0,0,0,0
0,0,0,0
0,0,0,0
624,0,0,0
0,0,0,0
0,0,0,0
1040,0,0,0
0,0,0,0
0,0,0,0
0,0,0,0
0,0,0,0
0,0,0,0
0,0,0,0
2624,0,0,0
0,0,0,0
1264,0,0,0
0,0,0,0
0,0,0,0
256,0,0,0
0,0,0,0
0,0,0,0
0,0,0,0
4448,0,0,0
0,0,0,0
0,0,0,0
0,0,0,0
0,0,0,0
0,0,0,0
0,0,0,0
176,0,0,0
0,0,0,0
0,0,0,0
0,0,0,0
16,0,0,0
0,0,0,0
0,0,0,0
1600,0,0,0
352,0,0,0
0,0,0,0
0,0,0,0
0,0,0,0
0,0,0,0
0,0,0,0
0,0,0,0
0,0,0,0
0,0,0,0
0,0,0,0
3424,0,0,1
0,0,0,0
16,0,0,0
0,0,0,0
0,0,0,0
0,0,0,0
0,0,0,0
0,0,0,0
0,0,0,0
0,0,0,0
16,0,0,0
16912,0,25,0
0,0,0,0
0,0,0,0
0,0,0,0
1984,0,0,0
0,0,0,0
0,0,0,0
0,0,0,0
0,0,0,0
0,0,0,0
0,0,0,0
0,0,0,0
0,0,0,0
0,0,0,0
0,0,0,0
0,0,0,0
0,0,0,0
16,0,0,0
96,0,0,1
352,0,0,0
0,0,0,0
0,0,0,0
0,0,0,0
0,0,0,0
0,0,0,0
0,0,0,0
0,0,0,0
0,0,0,0
0,0,0,0
0,0,0,0
0,0,0,0
320,0,0,0
0,0,0,0
0,0,0,0
0,0,0,0
0,0,0,0
320,0,0,1
0,0,0,0
256,0,0,0
0,0,0,0
0,0,0,0
2000,0,0,3
0,0,0,0
0,0,0,0
176,0,0,0
0,0,0,0
576,0,225,0
0,0,0,0
1472,0,0,0
0,0,0,0
0,0,0,0
0,0,0,0
0,0,0,0
0,0,0,0
0,0,0,0
0,0,0,0
0,0,0,0
0,0,0,0
0,0,0,0
0,0,0,0
0,0,0,0
0,0,0,0
0,0,0,0
0,0,0,0
592,0,0,0
0,0,0,0
0,0,0,0
0,0,0,0
80,0,0,0
416,0,0,0
128,0,0,0
0,0,0,0
0,0,0,0
0,0,0,0
0,0,0,0
0,0,0,0
0,0,0,0
0,0,0,0
176,0,0,0
0,0,0,0
0,0,0,0
1840,0,0,0
0,0,0,0
0,0,0,0
0,0,0,0
0,0,0,0
0,0,0,0
0,0,0,0
0,0,0,0
544,0,0,1
0,0,0,0
0,0,0,0
0,0,0,0
0,0,0,0
0,0,0,0
0,0,0,0
0,0,0,0
0,0,0,0
0,0,0,0
0,0,0,0
0,0,0,0
0,0,0,0
0,0,0,0
0,0,0,0
912,0,0,0
480,0,0,0
0,0,0,0
0,0,0,0
0,0,0,0
0,0,0,0
0,0,0,0
0,0,0,0
16,0,0,0
2032,0,0,0
0,0,0,0
416,0,0,0
0,0,0,0
0,0,0,0
0,0,0,0
0,0,0,0
0,0,0,0
0,0,0,0
32,0,0,0
0,0,0,0
512,0,0,0
0,0,0,0
0,0,0,0
656,0,0,0
0,0,0,0
0,0,0,0
944,0,0,0
0,0,0,0
0,0,0,0
0,0,0,0
0,0,0,0
0,0,0,0
128,0,0,0
0,0,0,0
0,0,0,0
0,0,0,0
0,0,0,0
0,0,0,0
1120,0,0,0
0,0,0,0
0,0,0,0
0,0,0,0
0,0,0,0
0,0,0,0
0,0,0,0
0,0,0,0
0,0,0,0
0,0,0,0
0,0,0,0
0,0,0,0
0,0,0,0
0,0,0,0
0,0,0,0
528,0,0,0
0,0,0,0
0,0,0,0
0,0,0,0
0,0,0,0
0,0,0,0
0,0,0,0
0,0,0,0
0,0,0,0
160,0,0,0
0,0,0,0
0,0,0,0
0,0,0,0
1328,0,0,0
0,0,0,0
0,0,0,0
0,0,0,0
0,0,0,0
2032,0,0,0
480,0,0,4
688,0,0,0
0,0,0,0
0,0,0,0
0,0,0,0
0,0,0,0
4064,0,0,1
0,0,0,0
0,0,0,0
1376,0,0,0
448,0,0,0
0,0,0,0
0,0,0,0
0,0,0,0
848,0,0,0
64,0,0,0
0,0,0,0
0,0,0,0
0,0,0,0
0,0,0,0
0,0,0,0
0,0,0,0
0,0,0,0
0,0,0,0
0,0,0,0
16,0,0,0
512,0,100,0
0,0,0,0
0,0,0,0
1968,0,0,1
0,0,0,0
0,0,0,0
0,0,0,0
0,0,0,0
0,0,0,0
0,0,0,0
0,0,0,0
192,0,0,0
0,0,0,0
0,0,0,0
624,0,0,0
0,0,0,0
0,0,0,0
0,0,0,0
0,0,0,0
16,0,0,0
0,0,0,0
1216,0,0,1
0,0,0,0
0,0,0,0
0,0,0,0
0,0,0,0
0,0,0,0
0,0,0,0
0,0,0,0
0,0,0,0
0,0,0,0
368,0,0,0
0,0,0,0
0,0,0,0
0,0,0,0
0,0,0,0
3408,0,150,0
0,0,0,0
0,0,0,0
0,0,0,0
0,0,0,0
0,0,0,0
0,0,0,0
0,0,0,0
0,0,0,0
0,0,0,0
0,0,0,0
0,0,0,0
464,0,0,0
0,0,0,0
1152,0,0,0
2304,0,0,0
0,0,0,0
0,0,0,0
0,0,0,0
0,0,0,0
0,0,0,0
0,0,0,0
1104,0,0,0
0,0,0,0
0,0,0,0
0,0,0,0
0,0,0,0
0,0,0,0
1008,0,0,0
0,0,0,0
0,0,0,0
544,0,0,0
64,0,0,0
896,0,0,0
0,0,0,0
0,0,0,0
32,0,0,0
0,0,0,0
0,0,0,0
0,0,0,0
0,0,0,0
0,0,0,0
0,0,0,0
3152,0,0,0
0,0,0,0
880,0,100,0
0,0,0,0
0,0,0,0
0,0,0,0
0,0,0,0
1424,0,75,0
0,0,0,0
0,0,0,0
384,0,50,0
0,0,0,0
0,0,0,0
0,0,0,0
0,0,0,0
0,0,0,0
0,0,0,0
0,0,0,0
928,0,0,0
0,0,0,0
0,0,0,0
2640,0,75,0
0,0,0,0
0,0,0,0
816,0,0,0
0,0,0,0
0,0,0,0
0,0,0,0
0,0,0,0
0,0,0,0
0,0,0,0
0,0,0,0
0,0,0,0
0,0,0,0
0,0,0,0
0,0,0,0
0,0,0,0
0,0,0,0
0,0,0,0
496,0,25,0
720,0,0,0
0,0,0,0
1664,0,0,0
0,0,0,0
0,0,0,0
0,0,0,0
0,0,0,0
1152,0,0,0
0,0,0,0
0,0,0,0
0,0,0,0
0,0,0,0
0,0,0,0
0,0,0,0
0,0,0,0
0,0,0,0
1984,0,25,1
0,0,0,0
384,0,0,0
128,0,0,1
0,0,0,0
0,0,0,0
0,0,0,0
0,0,0,0
0,0,0,0
0,0,0,0
0,0,0,0
480,0,0,0
464,0,0,0
0,0,0,0
0,0,0,0
0,0,0,0
0,0,0,0
0,0,0,0
0,0,0,0
0,0,0,0
0,0,0,0
0,0,0,0
0,0,0,0
0,0,0,0
0,0,0,0
0,0,0,0
0,0,0,0
0,0,0,0
96,0,0,0
0,0,0,0
0,0,0,0
0,0,0,0
1024,0,0,0
0,0,0,0
0,0,0,0
2560,0,0,0
0,0,0,0
0,0,0,0
0,0,0,0
0,0,0,0
0,0,0,0
208,0,0,0
0,0,0,0
0,0,0,0
0,0,0,0
784,0,25,0
0,0,0,0
0,0,0,0
0,0,0,0
0,0,0,0
0,0,0,0
0,0,0,0
0,0,0,0
0,0,0,0
0,0,0,0
1248,0,0,0
0,0,0,0
0,0,0,0
560,0,0,0
0,0,0,0
0,0,0,0
576,0,0,0
0,0,0,0
0,0,0,0
0,0,0,0
0,0,0,0
0,0,0,0
0,0,0,0
0,0,0,0
0,0,0,0
864,0,0,0
0,0,0,0
384,0,0,0
0,0,0,0
0,0,0,0
0,0,0,0
0,0,0,0
0,0,0,0
0,0,0,0
0,0,0,0
0,0,0,0
0,0,0,0
512,0,25,0
0,0,0,0
0,0,0,0
0,0,0,0
0,0,0,0
0,0,0,0
480,0,0,0
0,0,0,0
0,0,0,0
0,0,0,0
0,0,0,0
0,0,0,0
0,0,0,0
0,0,0,0
256,0,0,0
0,0,0,0
3488,0,0,0
0,0,0,0
0,0,0,0
0,0,0,0
0,0,0,0
0,0,0,0
0,0,0,0
0,0,0,0
0,0,0,0
0,0,0,0
0,0,0,0
0,0,0,0
0,0,0,0
0,0,0,0
1712,0,0,0
0,0,0,0
1440,0,0,0
32,0,0,0
864,1,0,0
0,0,0,0
624,0,0,1
16,0,0,0
0,0,0,0
0,0,0,0
0,0,0,0
0,0,0,0
0,0,0,0
0,0,0,0
208,0,0,0
0,0,0,0
4704,0,50,1
0,0,0,0
112,0,0,1
1040,0,0,0
16,0,0,0
0,0,0,0
0,0,0,0
0,0,0,0
0,0,0,0
0,0,0,0
400,0,0,0
0,0,0,0
0,0,0,0
1664,0,0,0
0,0,0,0
0,0,0,0
1584,0,300,1
0,0,0,0
0,0,0,0
0,0,0,0
0,0,0,0
0,0,0,0
0,0,0,0
0,0,0,0
0,0,0,0
0,0,0,0
0,0,0,0
0,0,0,0
0,0,0,0
0,0,0,0
0,0,0,0
0,0,0,0
336,0,0,0
0,0,0,0
0,0,0,0
0,0,0,0
0,0,0,0
0,0,0,0
0,0,0,0
0,0,0,0
0,0,0,0
0,0,0,0
0,0,0,0
0,0,0,0
0,0,0,0
112,0,0,0
0,0,0,0
0,0,0,0
16,0,0,0
32,0,0,0
0,0,0,0
1840,0,25,0
0,0,0,0
0,0,0,0
0,0,0,0
0,0,0,0
0,0,0,0
0,0,0,0
0,0,0,0
32,0,0,0
0,0,0,0
0,0,0,0
0,0,0,0
0,0,0,0
0,0,0,0
0,0,0,0
0,0,0,0
48,0,0,0
0,0,0,0
0,0,0,0
0,0,0,0
0,0,0,0
176,0,0,0
0,0,0,0
0,0,0,0
0,0,0,0
240,0,0,0
0,0,0,0
0,0,0,0
0,0,0,0
0,0,0,0
1696,0,0,0
0,0,0,0
0,0,0,0
48,0,0,0
2832,0,275,0
0,0,0,0
0,0,0,0
0,0,0,0
1552,0,0,1
560,0,0,0
96,0,0,0
0,0,0,0
0,0,0,0
384,0,0,0
0,0,0,0
0,0,0,0
0,0,0,0
0,0,0,0
32,0,0,0
0,0,0,0
0,0,0,0
0,0,0,0
0,0,0,0
0,0,0,0
16,0,0,0
0,0,0,0
0,0,0,0
1216,0,50,0
5008,0,0,0
0,0,0,0
880,0,0,0
0,0,0,0
0,0,0,0
432,0,0,0
0,0,0,0
0,0,0,0
976,0,25,0
2784,0,0,0
0,0,0,0
0,0,0,0
0,0,0,0
0,0,0,0
0,0,0,0
0,0,0,0
0,0,0,0
32,0,0,0
0,0,0,0
0,0,0,0
368,0,0,1
0,0,0,0
0,0,0,0
320,0,0,1
0,0,0,0
0,0,0,0
0,0,0,0
0,0,0,0
0,0,0,0
544,0,0,0
0,0,0,0
0,0,0,0
0,0,0,0
0,0,0,0
0,0,0,0
0,0,0,0
0,0,0,0
0,0,0,0
0,0,0,0
400,0,0,0
0,0,0,0
0,0,0,0
0,0,0,0
0,0,0,0
0,0,0,0
5152,0,75,1
0,0,0,0
4816,0,200,4
0,0,0,0
0,0,0,0
0,0,0,0
0,0,0,0
0,0,0,0
0,0,0,0
0,0,0,0
464,0,0,0
0,0,0,0
0,0,0,0
0,0,0,0
0,0,0,0
0,0,0,0
0,0,0,0
0,0,0,0
0,0,0,0
0,0,0,0
0,0,0,0
112,0,0,0
16,0,0,0
0,0,0,0
0,0,0,0
0,0,0,0
0,0,0,0
832,0,0,0
0,0,0,0
0,0,0,0
0,0,0,0
0,0,0,0
96,0,0,0
0,0,0,0
0,0,0,0
0,0,0,0
64,0,0,0
0,0,0,0
2000,0,0,0
0,0,0,0
0,0,0,0
0,0,0,0
0,0,0,0
0,0,0,0
0,0,0,0
2768,0,0,0
0,0,0,0
80,0,0,0
0,0,0,0
32,0,0,0
0,0,0,0
0,0,0,0
16,0,0,0
0,0,0,0
0,0,0,0
0,0,0,0
1888,0,0,1
0,0,0,0
0,0,0,0
544,0,0,0
0,0,0,0
0,0,0,0
9840,0,75,1
0,0,0,0
0,0,0,0
0,0,0,0
448,0,0,0
0,0,0,0
32,0,0,0
0,0,0,0
0,0,0,0
1040,0,0,0
0,0,0,0
2240,0,0,0
656,0,0,0
0,0,0,0
0,0,0,0
0,0,0,0
0,0,0,0
0,0,0,0
0,0,0,0
672,0,0,0
0,0,0,0
